"uuid","name","description","class","shortname","datatype","units","High Normal","Low Normal","Allow Decimal","locale","synonym.1","synonym.2","synonym.3","synonym.4","synonym.5","synonym.6","synonym.7","synonym.8","synonym.9","synonym.10","synonym.11","synonym.12","synonym.13","synonym.14","synonym.15","synonym.16","answer.1","answer.2","answer.3","answer.4","answer.5","answer.6","answer.7","answer.8","answer.9","answer.10","answer.11","answer.12","answer.13","answer.14","answer.15","answer.16","answer.17","reference-term-source","reference-term-code","reference-term-relationship"
"d80b53e7-a5ed-4cd0-a8da-598ec21b9e5a","Cartridge based nucleic acid amplification testing",,"Test","CBNAAT","N/A",,,,,,"","","","","","","","","","","","","","","","","","","","","","","","","","","","","","","","","",,,
"deea9659-4f74-495f-9e53-965f1e14eddd","Test, LJ",,"Misc","LJ","N/A",,,,,,"","","","","","","","","","","","","","","","","","","","","","","","","","","","","","","","","",,,
"65a8dd94-e191-45ee-ac01-d22d394d47c1","Test, LPA",,"Misc","LPA","N/A",,,,,,"","","","","","","","","","","","","","","","","","","","","","","","","","","","","","","","","",,,
"9fdd9a5f-1155-479a-9bed-8f27255f4c33","All",,"Misc",,"N/A",,,,,,"","","","","","","","","","","","","","","","","","","","","","","","","","","","","","","","","",,,
"e027a45a-c12c-4a76-ae99-969d87923850","RMRCT, Microbiology test requirement, Test",,"Misc","Test","Coded",,,,,,"","","","","","","","","","","","","","","","","Cartridge based nucleic acid amplification testing","Test, LJ","Test, LPA","All","","","","","","","","","","","","","",,,
"1fffe2ad-8c3d-4c8a-90f8-50dc4332565e","Sputum",,"Misc","Sputum","N/A",,,,,,"","","","","","","","","","","","","","","","","","","","","","","","","","","","","","","","","",,,
"ec37701c-9e58-4d72-ac64-0447f4cad944","Pus",,"Sample","Pus","N/A",,,,,,"","","","","","","","","","","","","","","","","","","","","","","","","","","","","","","","","",,,
"e0d23831-a2ea-4b16-aa01-a4a975952064","Pericardial Fluid",,"Misc","Pericardial Fluid","N/A",,,,,,"","","","","","","","","","","","","","","","","","","","","","","","","","","","","","","","","",,,
"012c0cfa-f566-4591-9a41-71a09fdf78a2","Microbiology test requirement, Type of Sample, Other",,"Misc","Other","N/A",,,,,,"","","","","","","","","","","","","","","","","","","","","","","","","","","","","","","","","",,,
"d7774dde-3577-4059-9e8d-9d1860dc4a44","Sample Pleural Fluid",,"Misc","Pleural Fluid","N/A",,,,,,"","","","","","","","","","","","","","","","","","","","","","","","","","","","","","","","","",,,
"649b941c-3800-4b74-b91a-9f7234229c9b","CSF","CSF","Sample",,"N/A",,,,,,"","","","","","","","","","","","","","","","","","","","","","","","","","","","","","","","","",,,
"4dc7d9b3-b913-4d59-a0da-ca1886dff651","Tuberculosis sample type - Lymphnode Aspirate",,"Misc","Lymphnode Aspirate","N/A",,,,,,"","","","","","","","","","","","","","","","","","","","","","","","","","","","","","","","","",,,
"6f2dcc0e-fc14-4039-ab6e-ed07a746c57d","Tuberculosis sample type - Tissue",,"Misc","Tissue","N/A",,,,,,"","","","","","","","","","","","","","","","","","","","","","","","","","","","","","","","","",,,
"7c5222ea-7845-465b-87fc-d805bf97929c","BAL",,"Misc","BAL","N/A",,,,,,"","","","","","","","","","","","","","","","","","","","","","","","","","","","","","","","","",,,
"aef021de-da26-4e5f-8952-db1c5be66990","GAL",,"Sample","GAL","N/A",,,,,,"","","","","","","","","","","","","","","","","","","","","","","","","","","","","","","","","",,,
"9ff4a600-bcc5-45e2-876e-27bcfe24dd1d","Knee Joint Fluid","Knee Joint Fluid","Sample",,"N/A",,,,,,"","","","","","","","","","","","","","","","","","","","","","","","","","","","","","","","","",,,
"4867b7b1-5237-4a97-8f67-97951fa36b49","Peritoneal Fluid",,"Sample",,"N/A",,,,,,"","","","","","","","","","","","","","","","","","","","","","","","","","","","","","","","","",,,
"e85a614d-5802-4c84-8b39-1f812cc59822","RMRCT, Microbiology test requirement, Type of Sample",,"Misc","Type of Sample","Coded",,,,,,"","","","","","","","","","","","","","","","","Sputum","Pus","Pericardial Fluid","Microbiology test requirement, Type of Sample, Other","Sample Pleural Fluid","CSF","Tuberculosis sample type - Lymphnode Aspirate","Tuberculosis sample type - Tissue","BAL","GAL","Knee Joint Fluid","Peritoneal Fluid","","","","","",,,
"11a7fd99-73a2-4b5c-87e1-b9505b4b899f","Yes",,"Misc",,"N/A",,,,,,"Vrai","Oui","Sí","Vrai","Sim","Verdadeiro","Verdadeiro","Vero","Sí","Verdadero","Sim","Sì","Vero","Sì","Verdadero","","","","","","","","","","","","","","","","","","",,,
"eb4d2cbc-8798-4073-83d6-9eb1934231ca","False No",,"Misc","No","N/A",,,,,,"Faux","Falso","Falso","Não","No","No","Non","Falso","","","","","","","","","","","","","","","","","","","","","","","","","",,,
"d34c9088-3e82-4719-b0be-4f69b53f1ce3","RMRCT, Previsiosly treated with TB",,"Misc","Previsiosly treated with TB","Coded",,,,,,"","","","","","","","","","","","","","","","","Yes","False No","","","","","","","","","","","","","","","",,,
"8eb637ec-fc76-42a6-88be-04d525128223","RMRCT, Standardized History, Symptoms",,"Misc","Symptoms","Text",,,,,,"","","","","","","","","","","","","","","","","","","","","","","","","","","","","","","","","",,,
"d08f1907-e05a-4265-9b04-104c301d0bcf","RMRCT, Standardized History, How long have you been sick ?",,"Misc","How long have you been sick ?","Text",,,,,,"","","","","","","","","","","","","","","","","","","","","","","","","","","","","","","","","",,,
"11a7fd99-73a2-4b5c-87e1-b9505b4b899f","Yes",,"Misc",,"N/A",,,,,,"Vrai","Oui","Sí","Vrai","Sim","Verdadeiro","Verdadeiro","Vero","Sí","Verdadero","Sim","Sì","Vero","Sì","Verdadero","","","","","","","","","","","","","","","","","","",,,
"eb4d2cbc-8798-4073-83d6-9eb1934231ca","False No",,"Misc","No","N/A",,,,,,"Faux","Falso","Falso","Não","No","No","Non","Falso","","","","","","","","","","","","","","","","","","","","","","","","","",,,
"0b4b5b96-e39e-4fa2-a756-cd21f90b6278","RMRCT, Standardized History, Did you have other symptoms of lung diseases prior to this episode",,"Misc","Did you have other symptoms of lung diseases prior to this episode","Coded",,,,,,"","","","","","","","","","","","","","","","","Yes","False No","","","","","","","","","","","","","","","",,,
"11a7fd99-73a2-4b5c-87e1-b9505b4b899f","Yes",,"Misc",,"N/A",,,,,,"Vrai","Oui","Sí","Vrai","Sim","Verdadeiro","Verdadeiro","Vero","Sí","Verdadero","Sim","Sì","Vero","Sì","Verdadero","","","","","","","","","","","","","","","","","","",,,
"eb4d2cbc-8798-4073-83d6-9eb1934231ca","False No",,"Misc","No","N/A",,,,,,"Faux","Falso","Falso","Não","No","No","Non","Falso","","","","","","","","","","","","","","","","","","","","","","","","","",,,
"1fb446a7-d7e8-4c1b-804a-738c9c758a80","RMRCT, Standardized History, Did you have X-ray Examination Prior to this episode ?",,"Misc","Did you have X-ray Examination Prior to this episode ?","Coded",,,,,,"","","","","","","","","","","","","","","","","Yes","False No","","","","","","","","","","","","","","","",,,
"11a7fd99-73a2-4b5c-87e1-b9505b4b899f","Yes",,"Misc",,"N/A",,,,,,"Vrai","Oui","Sí","Vrai","Sim","Verdadeiro","Verdadeiro","Vero","Sí","Verdadero","Sim","Sì","Vero","Sì","Verdadero","","","","","","","","","","","","","","","","","","",,,
"eb4d2cbc-8798-4073-83d6-9eb1934231ca","False No",,"Misc","No","N/A",,,,,,"Faux","Falso","Falso","Não","No","No","Non","Falso","","","","","","","","","","","","","","","","","","","","","","","","","",,,
"4dbbd8fd-f5af-4277-9d38-3f553d0d270b","RMRCT, Standardized History, Did you ever take tuberculosis drugs for more than one month ?",,"Misc","Did you ever take tuberculosis drugs for more than one month ?","Coded",,,,,,"","","","","","","","","","","","","","","","","Yes","False No","","","","","","","","","","","","","","","",,,
"11a7fd99-73a2-4b5c-87e1-b9505b4b899f","Yes",,"Misc",,"N/A",,,,,,"Vrai","Oui","Sí","Vrai","Sim","Verdadeiro","Verdadeiro","Vero","Sí","Verdadero","Sim","Sì","Vero","Sì","Verdadero","","","","","","","","","","","","","","","","","","",,,
"eb4d2cbc-8798-4073-83d6-9eb1934231ca","False No",,"Misc","No","N/A",,,,,,"Faux","Falso","Falso","Não","No","No","Non","Falso","","","","","","","","","","","","","","","","","","","","","","","","","",,,
"d4bf297b-a96b-4eb6-9d9e-819b31417ebd","RMRCT, Standardized History, Did you have Sputum examinations prior to this episode ?",,"Misc","Did you have Sputum examinations prior to this episode ?","Coded",,,,,,"","","","","","","","","","","","","","","","","Yes","False No","","","","","","","","","","","","","","","",,,
"42359294-d28d-4d45-99fa-4afcabd0de3b","RMRCT, If treatment taken, Where was the patient treated ?",,"Misc","Where was the patient treated ?","Text",,,,,,"","","","","","","","","","","","","","","","","","","","","","","","","","","","","","","","","",,,
"3be024d0-3277-4b3d-b2b6-18f8742cab44","RMRCT, If treatment taken, When was the patient treated ?",,"Misc","When was the patient treated ?","Text",,,,,,"","","","","","","","","","","","","","","","","","","","","","","","","","","","","","","","","",,,
"063a9658-a0c8-4ca5-8fd8-282f113119d3","Once",,"Misc",,"N/A",,,,,,"","","","","","","","","","","","","","","","","","","","","","","","","","","","","","","","","",,,
"1c1fffb7-f335-478f-bb68-8dccbbf6347e","Twice",,"Misc",,"N/A",,,,,,"","","","","","","","","","","","","","","","","","","","","","","","","","","","","","","","","",,,
"8283c690-ed5d-4873-a1ff-cd490ec363ea","Thrice",,"Misc",,"N/A",,,,,,"","","","","","","","","","","","","","","","","","","","","","","","","","","","","","","","","",,,
"b0a9420c-84e7-408b-b415-6703dd31a388","4 times",,"Misc",,"N/A",,,,,,"","","","","","","","","","","","","","","","","","","","","","","","","","","","","","","","","",,,
"2ada487d-07c0-406c-8c49-55cae97a7fea","RMRCT, If treatment taken, How many times was the patient treated ?",,"Misc","How many times was the patient treated ?","Coded",,,,,,"","","","","","","","","","","","","","","","","Once","Twice","Thrice","4 times","","","","","","","","","","","","","",,,
"a759d58e-a9b4-4ff0-88eb-563df0ee4ec7","One",,"Misc",,"N/A",,,,,,"","","","","","","","","","","","","","","","","","","","","","","","","","","","","","","","","",,,
"52d07e18-49fa-4b76-bd61-a882a8256acb","Two",,"Misc",,"N/A",,,,,,"","","","","","","","","","","","","","","","","","","","","","","","","","","","","","","","","",,,
"ad01878c-340a-4db4-995c-ef6835e9214c","Unknown",,"Misc",,"N/A",,,,,,"","","","","","","","","","","","","","","","","","","","","","","","","","","","","","","","","",,,
"cb450a0c-ea36-48b6-9ba5-23598c8ba35d","RMRCT, If treatment taken, If Dots taken : Category",,"Misc","If DOTS taken : Category","Coded",,,,,,"","","","","","","","","","","","","","","","","One","Two","Unknown","","","","","","","","","","","","","","",,,
"5ed3b3c8-b4ac-485b-98b4-366f118c3fb0","Drugs used in his treatment, INH",,"Misc","INH","N/A",,,,,,"","","","","","","","","","","","","","","","","","","","","","","","","","","","","","","","","",,,
"61238d82-1112-42ee-9689-2c8939e8b2a8","Drugs used in his treatment, EMB",,"Misc","EMB","N/A",,,,,,"","","","","","","","","","","","","","","","","","","","","","","","","","","","","","","","","",,,
"fd59db16-d456-4610-a51e-8e8fd8526dad","Drugs used in his treatment, SM",,"Misc","SM","N/A",,,,,,"","","","","","","","","","","","","","","","","","","","","","","","","","","","","","","","","",,,
"d4d7a6ab-089b-4139-b97e-c8c61d562362","Drugs used in his treatment, Ethionamide",,"Misc","Ethionamide","N/A",,,,,,"","","","","","","","","","","","","","","","","","","","","","","","","","","","","","","","","",,,
"b974e98d-dc3d-463c-8ef9-cf6a01160e51","Drugs used in his treatment, Ciproflox",,"Misc","Ciproflox","N/A",,,,,,"","","","","","","","","","","","","","","","","","","","","","","","","","","","","","","","","",,,
"6751bc59-f329-4403-aea1-4564d4f1e05a","Drugs used in his treatment, Levoflox",,"Misc","Levoflox","N/A",,,,,,"","","","","","","","","","","","","","","","","","","","","","","","","","","","","","","","","",,,
"f7674c3c-76ea-4539-8e98-a63a2ceb7020","Drugs used in his treatment, Cycloserine",,"Misc","Cycloserine","N/A",,,,,,"","","","","","","","","","","","","","","","","","","","","","","","","","","","","","","","","",,,
"fb650667-8d39-43c9-8c46-624558438089","Drugs used in his treatment, Unknown",,"Misc","Unknown","N/A",,,,,,"","","","","","","","","","","","","","","","","","","","","","","","","","","","","","","","","",,,
"554b5c33-4f65-4915-82e8-3050dcfbc960","Drugs used in his treatment, KAN",,"Misc","KAN","N/A",,,,,,"","","","","","","","","","","","","","","","","","","","","","","","","","","","","","","","","",,,
"fa03fe3e-519f-438b-b6f5-d7a529c0e154","Drugs used in his treatment, Oflox",,"Misc","Oflox","N/A",,,,,,"","","","","","","","","","","","","","","","","","","","","","","","","","","","","","","","","",,,
"ae949ef6-cc70-4224-afdf-857348641568","Drugs used in his treatment, PAS",,"Misc","PAS","N/A",,,,,,"","","","","","","","","","","","","","","","","","","","","","","","","","","","","","","","","",,,
"fc20a8d7-f5f3-4a82-b9d7-af2d28eae8ff","Drugs used in his treatment, Moxiflox / Gatiflox",,"Misc","Moxiflox / Gatiflox","N/A",,,,,,"","","","","","","","","","","","","","","","","","","","","","","","","","","","","","","","","",,,
"93fa93db-906d-49f3-a0f3-61c730b27b05","Drugs used in his treatment, Others (specify)",,"Misc","Others (specify)","N/A",,,,,,"","","","","","","","","","","","","","","","","","","","","","","","","","","","","","","","","",,,
"06613010-3335-4e78-97ce-6fc480ba1a90","Drugs used in his treatment, AMK",,"Misc","AMK","N/A",,,,,,"","","","","","","","","","","","","","","","","","","","","","","","","","","","","","","","","",,,
"771ebf42-2c1a-4fab-8e04-23c11358fd42","Drugs used in his treatment, RIF",,"Misc","RIF","N/A",,,,,,"","","","","","","","","","","","","","","","","","","","","","","","","","","","","","","","","",,,
"64d21786-2f73-43f3-bc47-97041bc37ed3","Drugs used in his treatment, PZA",,"Misc","PZA","N/A",,,,,,"","","","","","","","","","","","","","","","","","","","","","","","","","","","","","","","","",,,
"71a65c2b-ccfe-462c-9e12-d2e1766671e7","CDST Form, Drugs used in his treatment",,"Misc","Drugs used in his treatment","Coded",,,,,,"","","","","","","","","","","","","","","","","Drugs used in his treatment, INH","Drugs used in his treatment, EMB","Drugs used in his treatment, SM","Drugs used in his treatment, Ethionamide","Drugs used in his treatment, Ciproflox","Drugs used in his treatment, Levoflox","Drugs used in his treatment, Cycloserine","Drugs used in his treatment, Unknown","Drugs used in his treatment, KAN","Drugs used in his treatment, Oflox","Drugs used in his treatment, PAS","Drugs used in his treatment, Moxiflox / Gatiflox","Drugs used in his treatment, Others (specify)","Drugs used in his treatment, AMK","Drugs used in his treatment, RIF","Drugs used in his treatment, PZA","",,,
"11a7fd99-73a2-4b5c-87e1-b9505b4b899f","Yes",,"Misc",,"N/A",,,,,,"Vrai","Oui","Sí","Vrai","Sim","Verdadeiro","Verdadeiro","Vero","Sí","Verdadero","Sim","Sì","Vero","Sì","Verdadero","","","","","","","","","","","","","","","","","","",,,
"eb4d2cbc-8798-4073-83d6-9eb1934231ca","False No",,"Misc","No","N/A",,,,,,"Faux","Falso","Falso","Não","No","No","Non","Falso","","","","","","","","","","","","","","","","","","","","","","","","","",,,
"e72d2ee3-0cfb-4cd0-bcc2-0b4d432c7aee","RNTCP Form, Failure",,"Misc","Failure","Coded",,,,,,"","","","","","","","","","","","","","","","","Yes","False No","","","","","","","","","","","","","","","",,,
"11a7fd99-73a2-4b5c-87e1-b9505b4b899f","Yes",,"Misc",,"N/A",,,,,,"Vrai","Oui","Sí","Vrai","Sim","Verdadeiro","Verdadeiro","Vero","Sí","Verdadero","Sim","Sì","Vero","Sì","Verdadero","","","","","","","","","","","","","","","","","","",,,
"eb4d2cbc-8798-4073-83d6-9eb1934231ca","False No",,"Misc","No","N/A",,,,,,"Faux","Falso","Falso","Não","No","No","Non","Falso","","","","","","","","","","","","","","","","","","","","","","","","","",,,
"0620f1e0-db54-44e8-b0e9-e4cac60f56ee","RNTCP Form, re-treatment case S-at 4th month",,"Misc","re-treatment case S-at 4th month","Coded",,,,,,"","","","","","","","","","","","","","","","","Yes","False No","","","","","","","","","","","","","","","",,,
"11a7fd99-73a2-4b5c-87e1-b9505b4b899f","Yes",,"Misc",,"N/A",,,,,,"Vrai","Oui","Sí","Vrai","Sim","Verdadeiro","Verdadeiro","Vero","Sí","Verdadero","Sim","Sì","Vero","Sì","Verdadero","","","","","","","","","","","","","","","","","","",,,
"eb4d2cbc-8798-4073-83d6-9eb1934231ca","False No",,"Misc","No","N/A",,,,,,"Faux","Falso","Falso","Não","No","No","Non","Falso","","","","","","","","","","","","","","","","","","","","","","","","","",,,
"ea8bb46b-1157-411b-8107-5076c27269a1","RNTCP Form, Contact for known MDR TB case",,"Misc","Contact for known MDR TB case","Coded",,,,,,"","","","","","","","","","","","","","","","","Yes","False No","","","","","","","","","","","","","","","",,,
"11a7fd99-73a2-4b5c-87e1-b9505b4b899f","Yes",,"Misc",,"N/A",,,,,,"Vrai","Oui","Sí","Vrai","Sim","Verdadeiro","Verdadeiro","Vero","Sí","Verdadero","Sim","Sì","Vero","Sì","Verdadero","","","","","","","","","","","","","","","","","","",,,
"eb4d2cbc-8798-4073-83d6-9eb1934231ca","False No",,"Misc","No","N/A",,,,,,"Faux","Falso","Falso","Não","No","No","Non","Falso","","","","","","","","","","","","","","","","","","","","","","","","","",,,
"21c1d633-91f3-4811-ab43-608d87d227b3","RNTCP Form, S+at diagnosis.re-reatment case",,"Misc","S+at diagnosis.re-reatment case","Coded",,,,,,"","","","","","","","","","","","","","","","","Yes","False No","","","","","","","","","","","","","","","",,,
"11a7fd99-73a2-4b5c-87e1-b9505b4b899f","Yes",,"Misc",,"N/A",,,,,,"Vrai","Oui","Sí","Vrai","Sim","Verdadeiro","Verdadeiro","Vero","Sí","Verdadero","Sim","Sì","Vero","Sì","Verdadero","","","","","","","","","","","","","","","","","","",,,
"eb4d2cbc-8798-4073-83d6-9eb1934231ca","False No",,"Misc","No","N/A",,,,,,"Faux","Falso","Falso","Não","No","No","Non","Falso","","","","","","","","","","","","","","","","","","","","","","","","","",,,
"ebd574ae-283d-4853-9a91-013080406138","RNTCP Form, Any follow up S+",,"Misc","Any follow up S+","Coded",,,,,,"","","","","","","","","","","","","","","","","Yes","False No","","","","","","","","","","","","","","","",,,
"11a7fd99-73a2-4b5c-87e1-b9505b4b899f","Yes",,"Misc",,"N/A",,,,,,"Vrai","Oui","Sí","Vrai","Sim","Verdadeiro","Verdadeiro","Vero","Sí","Verdadero","Sim","Sì","Vero","Sì","Verdadero","","","","","","","","","","","","","","","","","","",,,
"eb4d2cbc-8798-4073-83d6-9eb1934231ca","False No",,"Misc","No","N/A",,,,,,"Faux","Falso","Falso","Não","No","No","Non","Falso","","","","","","","","","","","","","","","","","","","","","","","","","",,,
"af5f109b-5955-4454-b48c-d702dfff7ec0","RNTCP Form, S-at diagnosis.re-reatment case",,"Misc","S-at diagnosis.re-reatment case","Coded",,,,,,"","","","","","","","","","","","","","","","","Yes","False No","","","","","","","","","","","","","","","",,,
"11a7fd99-73a2-4b5c-87e1-b9505b4b899f","Yes",,"Misc",,"N/A",,,,,,"Vrai","Oui","Sí","Vrai","Sim","Verdadeiro","Verdadeiro","Vero","Sí","Verdadero","Sim","Sì","Vero","Sì","Verdadero","","","","","","","","","","","","","","","","","","",,,
"eb4d2cbc-8798-4073-83d6-9eb1934231ca","False No",,"Misc","No","N/A",,,,,,"Faux","Falso","Falso","Não","No","No","Non","Falso","","","","","","","","","","","","","","","","","","","","","","","","","",,,
"04141077-b03a-4c31-b886-89901a14325a","RNTCP Form, HIV TB Case",,"Misc","HIV TB Case","Coded",,,,,,"","","","","","","","","","","","","","","","","Yes","False No","","","","","","","","","","","","","","","",,,
"32bdd451-3e14-4c44-9291-fccee9ae64d6","District Hospital Bilaspur",,"Misc",,"N/A",,,,,,"","","","","","","","","","","","","","","","","","","","","","","","","","","","","","","","","",,,
"384c9863-4292-4dfe-a21b-c42f30aa299c","IRL Raipur",,"Misc",,"N/A",,,,,,"","","","","","","","","","","","","","","","","","","","","","","","","","","","","","","","","",,,
"8311d63b-d498-49b1-b2a8-666c9a9159e8","RNTCP, Testing centre",,"Misc","Testing centre","Coded",,,,,,"","","","","","","","","","","","","","","","","District Hospital Bilaspur","IRL Raipur","","","","","","","","","","","","","","","",,,
