"uuid","name","description","class","shortname","datatype","units","High Normal","Low Normal","Allow Decimal","locale","synonym.1","answer.1","answer.2","answer.3","answer.4","answer.5","answer.6","answer.7","answer.8","answer.9","answer.10","answer.11","answer.12","answer.13","answer.14","answer.15","reference-term-source","reference-term-code","reference-term-relationship"
"7929697a-7c8e-44cd-b939-c12e06d324d5","Appointed",,"Misc",,"N/A",,,,,,"","","","","","","","","","","","","","","","",,,
"9c173c62-6871-4111-adf5-89ba3b20e62f","New Registration (Line)",,"Misc",,"N/A",,,,,,"","","","","","","","","","","","","","","","",,,
"1e352c52-4b04-41f3-ac01-a2e6709c3331","Old Registration (Line)",,"Misc",,"N/A",,,,,,"","","","","","","","","","","","","","","","",,,
"0eba1c31-42db-4f05-9bac-9bc9e0e3589f","Village Programme Including Survey",,"Misc",,"N/A",,,,,,"","","","","","","","","","","","","","","","",,,
"b4f67644-54b9-4033-8ea7-1b1b67234aaa","Staff & Student",,"Misc",,"N/A",,,,,,"","","","","","","","","","","","","","","","",,,
"171bf8c5-d398-4158-8308-6c13d74ddffb","Staff Relative/Known",,"Misc",,"N/A",,,,,,"","","","","","","","","","","","","","","","",,,
"002b0897-0822-49e2-9807-8eec3402b689","Sick Patients Unappointed",,"Misc",,"N/A",,,,,,"","","","","","","","","","","","","","","","",,,
"52fee2af-5f11-48aa-8e2b-ee5ba7f8c5fc","ANC Unappointed",,"Misc",,"N/A",,,,,,"","","","","","","","","","","","","","","","",,,
"c66e883a-1888-4b80-8660-9b0fd749c52d","Only for Dental",,"Misc",,"N/A",,,,,,"","","","","","","","","","","","","","","","",,,
"ec269643-5cac-40a9-913d-31bac47e71b8","Only for Eye",,"Misc",,"N/A",,,,,,"","","","","","","","","","","","","","","","",,,
"0f56b2c7-ede2-4a16-90ab-4e27dd082224","Cancer Unappointed",,"Misc",,"N/A",,,,,,"","","","","","","","","","","","","","","","",,,
"874adf70-d655-4c55-acd4-73f7b0462f7f","For Showing Report",,"Misc",,"N/A",,,,,,"","","","","","","","","","","","","","","","",,,
"e9b8df59-4a55-43f4-9478-e02287fa55ab","Doctors Recomndation",,"Misc",,"N/A",,,,,,"","","","","","","","","","","","","","","","",,,
"43c4d546-3067-4377-bd86-7ef4c11a74a4","Other Unappointed",,"Misc",,"N/A",,,,,,"","","","","","","","","","","","","","","","",,,
"75756249-9f44-485a-ae63-ac9c80f7195a","OPD Comments",,"Misc","OPD Comments","Coded",,,,,,"","Appointed","New Registration (Line)","Old Registration (Line)","Village Programme Including Survey","Staff & Student","Staff Relative/Known","Sick Patients Unappointed","ANC Unappointed","Only for Dental","Only for Eye","Cancer Unappointed","For Showing Report","Doctors Recomndation","Other Unappointed","",,,
