"uuid","name","description","class","shortname","datatype","units","High Normal","Low Normal","Allow Decimal","locale","synonym.1","synonym.2","answer.1","reference-term-source","reference-term-code","reference-term-relationship"
"9fba7e91-e34b-11e3-983a-91270dcbd3bf","Amenorrhea",,"Misc",,"N/A",,,,,,"","","",,,
"a78c18e2-b19a-405d-a4ca-ad225f1fcf35","Colostomy",,"Procedure",,"N/A",,,,,,"","","",,,
"c8161fcf-42dd-4718-8cb7-52a21af1f889","Emergency LSCS",,"Procedure",,"N/A",,,,,,"","","",,,
"9a3fd4b3-127f-4a41-aa59-3599dac507db","Intestinal Obstruction",,"Procedure",,"N/A",,,,,,"","","",,,
"8b16c83d-4f4e-40c5-8da9-a27d42f54065","Lymph Node Biopsy",,"Procedure","LN Biopsy","N/A",,,,,,"","","",,,
"503406d7-781f-4c20-8ae4-8dbf312e5f17","Nephrolithotomy",,"Procedure",,"N/A",,,,,,"","","",,,
"b3cafd36-f783-4c75-a320-728171b71b6f","Perforation Peritonitis",,"Procedure",,"N/A",,,,,,"","","",,,
"e9953ed4-0178-4556-ac77-eca49a30958a","Vaginal Hysterectomy",,"Procedure",,"N/A",,,,,,"","","",,,
"0d9aba60-2d2d-4aba-8799-b8441e1f6250","Abdomen koch's",,"Diagnosis",,"N/A",,,,,,"","","",,,
"ffb2d451-e804-4ead-bd01-02848378f1e8","Abdominal abscess",,"Diagnosis",,"N/A",,,,,,"","","",,,
"d84cccce-38fc-485c-890f-87e7fd3665ed","Abdominal Distention",,"Diagnosis",,"N/A",,,,,,"","","",,,
"2ec65dff-eeac-475e-9dbb-5f851ba5e75c","Abdominal fistula koch's",,"Diagnosis",,"N/A",,,,,,"","","",,,
"bfe17168-65d2-4673-980a-64c740437f17","Abdominal malignancy, suspected",,"Diagnosis",,"N/A",,,,,,"","","",,,
"cc53a1b6-116a-4baa-9117-5a9e5adbb66a","Abdominal Malignency",,"Diagnosis",,"N/A",,,,,,"","","",,,
"2eccc338-b31e-45c5-b4cf-52a3bcc95ae5","Abdominal swelling/Ovarian cyst",,"Diagnosis",,"N/A",,,,,,"","","",,,
"c10cd673-8119-4253-bc37-31651c75fdb7","Abdominal Tuberculosis with intestinal obstruction",,"Diagnosis",,"N/A",,,,,,"","","",,,
"b4f5333c-b836-4cbe-94fa-60ea37940fcd","Abdominal wall abscess",,"Diagnosis",,"N/A",,,,,,"","","",,,
"e992070f-53cf-4581-b3ea-d29b0766a8a4","Abdominal wall tumor",,"Diagnosis",,"N/A",,,,,,"","","",,,
"67013c68-66cb-45d5-a925-83b93c5b747b","Abdominal wall tumour (Extra peritonial)",,"Diagnosis",,"N/A",,,,,,"","","",,,
"42be1005-fd05-406d-ab45-49d9ec977083","Abruptio placenta",,"Diagnosis",,"N/A",,,,,,"","","",,,
"6739667d-0bb7-4961-9724-3a5d5f7c1c6a","Abscess",,"Diagnosis",,"N/A",,,,,,"","","",,,
"7e253aa7-d43e-4503-835e-f4cfa1175ba0","Abscess (Arm)",,"Diagnosis",,"N/A",,,,,,"","","",,,
"6bc538c5-5bca-4b87-b094-25ab96356fe4","Abscess (cervical)",,"Diagnosis",,"N/A",,,,,,"","","",,,
"c4a0fc4d-4a75-4317-a3b4-405f46f4dbe6","Abscess (chestwall)",,"Diagnosis",,"N/A",,,,,,"","","",,,
"553e9799-44ae-4ed4-9d80-6be09ced0eb4","Abscess (High)",,"Diagnosis",,"N/A",,,,,,"","","",,,
"c4b4a3e6-066c-429b-9181-0035e627204a","Abscess (Infection)",,"Diagnosis",,"N/A",,,,,,"","","",,,
"670e98b2-3340-44c0-bb45-93d499dfdf2c","Abscess (Lid)",,"Diagnosis",,"N/A",,,,,,"","","",,,
"a67e236d-c196-495d-83d5-8cabaf0072d3","Abscess (sole of foot)",,"Diagnosis",,"N/A",,,,,,"","","",,,
"fd4cb039-e649-42dd-8cdb-e90c19334e15","Abscess (thigh)",,"Diagnosis",,"N/A",,,,,,"","","",,,
"440fcb0b-2265-4ba2-bbcc-c20dca21b1e3","Abscess, thigh",,"Diagnosis",,"N/A",,,,,,"","","",,,
"2f7052a0-776e-4c6a-8ffb-1523ece90fb8","AC polp",,"Diagnosis",,"N/A",,,,,,"","","",,,
"9d0d8430-9758-4f31-9fa6-ebecf9ff716a","Achalasia cardia",,"Diagnosis",,"N/A",,,,,,"","","",,,
"05474880-6619-4cb4-bbe0-e9f26b9acef5","Acute abdomen",,"Diagnosis",,"N/A",,,,,,"","","",,,
"73de2ca9-bf59-4ada-9e1b-a0586ce5156a","Acute abdomen with suspected twisted ovarian cyst",,"Diagnosis",,"N/A",,,,,,"","","",,,
"987883a9-43db-4c75-b6a0-1ddf3a330987","Acute abdomen with suspected Appendicular Perforation",,"Diagnosis",,"N/A",,,,,,"","","",,,
"520482c6-e1ff-49fb-907c-dd9f5bdf788d","Acute abdomen with Peritonitis",,"Diagnosis",,"N/A",,,,,,"","","",,,
"a81bd4a5-c1a2-42b9-adc9-dfc41744647d","Acute appendecitis",,"Diagnosis",,"N/A",,,,,,"","","",,,
"5b1e3c3b-7b4d-4b0a-a77c-37bbab811290","Acute appendicitis perforation",,"Diagnosis",,"N/A",,,,,,"","","",,,
"6fc39624-d94b-4d63-b97e-ccdadf368feb","acute Appendicitis retrocecol abscess",,"Diagnosis",,"N/A",,,,,,"","","",,,
"9aa0c709-c202-4ad6-9cb5-2446279c288f","acute Appendicitis With early preg.",,"Diagnosis",,"N/A",,,,,,"","","",,,
"77a0b276-1724-48d5-b955-7aa8116179f5","Acute appendicular lump",,"Diagnosis",,"N/A",,,,,,"","","",,,
"859a91ec-3901-4c22-88d4-c0773a4e2d09","Acute cholecystitis",,"Diagnosis",,"N/A",,,,,,"","","",,,
"3c017ab6-deb1-4727-9569-7c4cfb28b001","Acute on chronic ectopic",,"Diagnosis",,"N/A",,,,,,"","","",,,
"3591c65c-6c0b-49a6-941d-427c89224655","acute ostemylitis, Left femur",,"Diagnosis",,"N/A",,,,,,"","","",,,
"fd8dc03c-0b61-40ac-8228-3d3fb2dc2026","acute Osteomyotic Bone",,"Diagnosis",,"N/A",,,,,,"","","",,,
"f3acf44f-0652-479b-92e8-8bbff17fc15d","acute Pancriatics+Inguinal hernia, right",,"Diagnosis",,"N/A",,,,,,"","","",,,
"c5d08fe9-bd20-4b22-bfb9-5d15da9f197b","Acute recurrent tonsillitis with gangrene",,"Diagnosis",,"N/A",,,,,,"","","",,,
"bf750f1f-5492-4a93-a533-d9f7e7be3fc8","acute scrotum",,"Diagnosis",,"N/A",,,,,,"","","",,,
"448c4eb6-9ef9-4f42-b1da-53414c49fbdb","acute scrotum, left",,"Diagnosis",,"N/A",,,,,,"","","",,,
"7fae4745-a083-43f5-94fb-354bbae04040","acute scrotum, right",,"Diagnosis",,"N/A",,,,,,"","","",,,
"b2c7f75e-b6e2-4991-ad6d-244317696a6e","Acute urinary vetention",,"Diagnosis",,"N/A",,,,,,"","","",,,
"f7619026-3f12-458a-99b8-c5c9072a809f","Adeno carcinoma cervix",,"Diagnosis",,"N/A",,,,,,"","","",,,
"45e46a17-3619-4bc7-ae18-1863d7a7cb2c","Adeno carcinoma colon",,"Diagnosis",,"N/A",,,,,,"","","",,,
"afbc5dd7-9553-41a8-b9a2-0685869cf1f9","Adeno carcinoma prostate",,"Diagnosis",,"N/A",,,,,,"","","",,,
"c5ab8dc7-d7d3-45fa-b40a-1a4488b30d3f","Adenomyosis",,"Diagnosis",,"N/A",,,,,,"","","",,,
"f79715c9-4344-46c9-99dd-a7d51e767378","Adenomyosis uterus",,"Diagnosis",,"N/A",,,,,,"","","",,,
"7d47a9ee-3c51-4561-852a-d79262c38158","Adenomyosis with DUB",,"Diagnosis",,"N/A",,,,,,"","","",,,
"2c8bdd7c-1627-4700-b070-1d69f4503d08","Adenomyosis with fibroid",,"Diagnosis",,"N/A",,,,,,"","","",,,
"eddca1d3-7c04-41d4-8850-80959bc19988","Adenexal mass, right",,"Diagnosis",,"N/A",,,,,,"","","",,,
"90e83714-c55a-4cbd-aa25-c824b7872230","Adhesive abstrusion",,"Diagnosis",,"N/A",,,,,,"","","",,,
"b10397c0-8b22-4dd4-89c5-49e7c4cdf8d0","Amputation",,"Diagnosis",,"N/A",,,,,,"","","",,,
"1d24a30e-1b70-4774-9562-ed3eb9f372f6","Amputation stump",,"Diagnosis",,"N/A",,,,,,"","","",,,
"8df1a3f9-c749-4d34-9f57-3524b9abad9d","Amputation, above knee, left",,"Diagnosis",,"N/A",,,,,,"","","",,,
"5606ef5a-1a17-40df-9eef-ee1aae08af59","Amputation, above knee, right",,"Diagnosis",,"N/A",,,,,,"","","",,,
"468f8e33-1047-498a-847f-657a5c92c275","Amputation, Below Knee, right",,"Diagnosis",,"N/A",,,,,,"","","",,,
"d952e59f-749a-4733-98d3-4dbf2d5cf98e","Amputation, Below Knee, left",,"Diagnosis",,"N/A",,,,,,"","","",,,
"95fcea3e-ab9b-491e-bd46-5bbd07ddcbe8","Anal calculus",,"Diagnosis",,"N/A",,,,,,"","","",,,
"970bff39-edca-4036-8824-d3db6843dce6","Anal dermoid",,"Diagnosis",,"N/A",,,,,,"","","",,,
"e16cb2b0-127f-4457-9257-f72150d61b94","Anal Dilatation",,"Diagnosis",,"N/A",,,,,,"","","",,,
"47f973e9-a5cb-4063-b54b-4b851888a223","Anal fissure",,"Diagnosis",,"N/A",,,,,,"","","",,,
"93871d00-e881-4bcf-b441-6b5aca7b20e2","Anal stenosis",,"Diagnosis",,"N/A",,,,,,"","","",,,
"48979f39-a83b-414a-8a82-8f51bf7229ee","ANC",,"Diagnosis",,"N/A",,,,,,"","","",,,
"b81d4c14-d47c-469a-8ab9-2923815bb955","ANC with CPD",,"Diagnosis",,"N/A",,,,,,"","","",,,
"51c44ae7-ad2e-4829-a0fa-54bf3660087a","Non progreessive obstructed labour (NPOL)",,"Diagnosis",,"N/A",,,,,,"","","",,,
"b83c9834-3f2e-11e4-a1f2-ba526e30a5ad","Anorectal malformation",,"Diagnosis",,"N/A",,,,,,"","","",,,
"1305812f-3d91-4f18-be73-2b228deae226","Anorectal malformation (RVF)",,"Diagnosis",,"N/A",,,,,,"","","",,,
"05bc7024-2618-46ce-b269-dbb7b603a4a8","Anorectal malformation with pouch colon",,"Diagnosis",,"N/A",,,,,,"","","",,,
"05781aac-118c-4989-a898-ab2812a24e0a","Anorectal malformation with rectourethral fistula",,"Diagnosis",,"N/A",,,,,,"","","",,,
"143f0dd1-64b4-466e-8060-6d21723537fc","Antrochonal polyp",,"Diagnosis",,"N/A",,,,,,"","","",,,
"feca232c-c726-47da-a813-377abfba3af7","APD with cord prolapse",,"Diagnosis",,"N/A",,,,,,"","","",,,
"eaaacd1e-f572-4c39-bc7a-8cdd4cfac112","APD with gastric outlet obstruction",,"Diagnosis",,"N/A",,,,,,"","","",,,
"36a42cf9-b4f9-4a3d-b608-b9a9b647bddc","Appendecitis, recurrent",,"Diagnosis",,"N/A",,,,,,"","","",,,
"046d3536-e34c-11e3-983a-91270dcbd3bf","Appendicitis",,"Diagnosis",,"N/A",,,,,,"","","",,,
"c89434f4-3f2e-11e4-a1f2-ba526e30a5ad","Appendicitis, chronic",,"Diagnosis",,"N/A",,,,,,"","","",,,
"1c5c0750-f5b5-4145-875f-9f15d9fbd6df","Appendicular Abscess",,"Diagnosis",,"N/A",,,,,,"","","",,,
"b71d7aa1-46cb-40f7-9bf1-c35618de9f59","Appendicular abscess, suspected",,"Diagnosis",,"N/A",,,,,,"","","",,,
"c0932ae3-a369-4fd1-b2bc-0c98a9744011","Appendicular lump",,"Diagnosis",,"N/A",,,,,,"","","",,,
"2a4430db-cefc-4202-95e0-60291f2b1132","Appendicular perforation",,"Diagnosis",,"N/A",,,,,,"","","",,,
"ff91ef89-4832-4ba0-85b4-d769ad5da4e8","Appendicular Perforation Large retroperitonial abscess",,"Diagnosis",,"N/A",,,,,,"","","",,,
"1b59fb97-80f4-4a29-a7f5-06c0bd424cfe","Appendicular Perforation, suspected",,"Diagnosis",,"N/A",,,,,,"","","",,,
"4838addd-9bcd-11e3-927e-8840ab96f0f1","Elbow - Left, 2 views (X-ray)",,"Radiology","elbow - left, 2 views (x-ray)","Text",,,,,,"","","",,,
"6d5ac441-9bcd-11e3-927e-8840ab96f0f1","ARM Humerus Lateral",,"Radiology","arm humerus lateral","Text",,,,,,"","","",,,
"6dcada6a-9bcd-11e3-927e-8840ab96f0f1","ARM Elbow AP",,"Radiology","arm elbow ap","Text",,,,,,"","","",,,
"6e2804de-9bcd-11e3-927e-8840ab96f0f1","ARM Elbow Lateral",,"Radiology","arm elbow lateral","Text",,,,,,"","","",,,
"6f41701e-9bcd-11e3-927e-8840ab96f0f1","ARM Forearm AP",,"Radiology","arm forearm ap","Text",,,,,,"","","",,,
"6fc5e547-9bcd-11e3-927e-8840ab96f0f1","ARM Forearm Lateral",,"Radiology","arm forearm lateral","Text",,,,,,"","","",,,
"704f6ebb-9bcd-11e3-927e-8840ab96f0f1","ARM Wrist PA",,"Radiology","arm wrist pa","Text",,,,,,"","","",,,
"70c86c42-9bcd-11e3-927e-8840ab96f0f1","ARM Wrist AP",,"Radiology","arm wrist ap","Text",,,,,,"","","",,,
"7128240d-9bcd-11e3-927e-8840ab96f0f1","ARM Wrist Lateral",,"Radiology","arm wrist lateral","Text",,,,,,"","","",,,
"71aa0ab8-9bcd-11e3-927e-8840ab96f0f1","ARM Scaphoid",,"Radiology","arm scaphoid","Text",,,,,,"","","",,,
"72258f4d-9bcd-11e3-927e-8840ab96f0f1","ARM Hand AP",,"Radiology","arm hand ap","Text",,,,,,"","","",,,
"729831ca-9bcd-11e3-927e-8840ab96f0f1","ARM Hand oblique",,"Radiology","arm hand oblique","Text",,,,,,"","","",,,
"6ced2919-9bcd-11e3-927e-8840ab96f0f1","ARM Humerus AP",,"Radiology","arm humerus ap","Text",,,,,,"","","",,,
"6c7c8125-9bcd-11e3-927e-8840ab96f0f1","ARM Shoulder Axial",,"Radiology","arm shoulder axial","Text",,,,,,"","","",,,
"6bfc8538-9bcd-11e3-927e-8840ab96f0f1","ARM Shoulder AP",,"Radiology","arm shoulder ap","Text",,,,,,"","","",,,
"48e86a65-9bcd-11e3-927e-8840ab96f0f1","Hand - Right, 2 views (X-ray)",,"Radiology","hand - right, 2 views (x-ray)","Text",,,,,,"","","",,,
"497da202-9bcd-11e3-927e-8840ab96f0f1","Wrist - Left, 2 views (X-ray)",,"Radiology","wrist - left, 2 views (x-ray)","Text",,,,,,"","","",,,
"4ab32770-9bcd-11e3-927e-8840ab96f0f1","Elbow - Right, 2 views (X-ray)",,"Radiology","elbow - right, 2 views (x-ray)","Text",,,,,,"","","",,,
"4b5f141f-9bcd-11e3-927e-8840ab96f0f1","Wrist - Right, 2 views (X-ray)",,"Radiology","wrist - right, 2 views (x-ray)","Text",,,,,,"","","",,,
"4ca04729-9bcd-11e3-927e-8840ab96f0f1","Forearm - Left, 2 views (X-ray)",,"Radiology","forearm - left, 2 views (x-ray)","Text",,,,,,"","","",,,
"4d316d5d-9bcd-11e3-927e-8840ab96f0f1","Humerus - Left, 2 views (X-ray)",,"Radiology","humerus - left, 2 views (x-ray)","Text",,,,,,"","","",,,
"4f4fe3d7-9bcd-11e3-927e-8840ab96f0f1","Forearm - Right, 2 views (X-ray)",,"Radiology","forearm - right, 2 views (x-ray)","Text",,,,,,"","","",,,
"50c403a8-9bcd-11e3-927e-8840ab96f0f1","Humerus - Right, 2 views (X-ray)",,"Radiology","humerus - right, 2 views (x-ray)","Text",,,,,,"","","",,,
"6a0ce36b-9bcd-11e3-927e-8840ab96f0f1","ARM Clavicle AP",,"Radiology","arm clavicle ap","Text",,,,,,"","","",,,
"6b0420db-9bcd-11e3-927e-8840ab96f0f1","ARM Scapula AP",,"Radiology","arm scapula ap","Text",,,,,,"","","",,,
"6b76c51f-9bcd-11e3-927e-8840ab96f0f1","ARM Scapula Lateral",,"Radiology","arm scapula lateral","Text",,,,,,"","","",,,
"72ff5eb9-9bcd-11e3-927e-8840ab96f0f1","ARM Finger lateral",,"Radiology","arm finger lateral","Text",,,,,,"","","",,,
"8a5312fb-2c52-409f-a3be-1ce251b49695","ARM RVF",,"Diagnosis",,"N/A",,,,,,"","","",,,
"c91b530d-b387-4a04-94f5-9f1359e4aaad","Ascites with Vague abdominal lump",,"Diagnosis",,"N/A",,,,,,"","","",,,
"115f5707-31f3-4eef-8ab0-2da09803df17","Axila abscess",,"Diagnosis",,"N/A",,,,,,"","","",,,
"8a218ebc-06fd-4567-a834-8f95b459e325","axilla contracture, left",,"Diagnosis",,"N/A",,,,,,"","","",,,
"8f6fe789-9e69-45b5-9a75-4375ca58bcf1","axillary abscess, right",,"Diagnosis",,"N/A",,,,,,"","","",,,
"4e19db2e-1eb8-4e1b-b35e-fba7a5f9cc91","axillary and wrist contracture, left",,"Diagnosis",,"N/A",,,,,,"","","",,,
"60a1355b-f7ac-4a5e-9d14-aa9782c38038","axillary contracture, right",,"Diagnosis",,"N/A",,,,,,"","","",,,
"222b8e25-9db4-4247-b1b8-69dd8e36cc42","axillary lipoma, left",,"Diagnosis",,"N/A",,,,,,"","","",,,
"ca235c56-f249-4b2d-bc6a-4e2d9f44b00d","axillary lymphangioma, right",,"Diagnosis",,"N/A",,,,,,"","","",,,
"11b68b9c-9bd4-47f1-80a9-d2b75de2f6cb","Axillary sinus",,"Diagnosis",,"N/A",,,,,,"","","",,,
"2a6e439f-7531-4df7-bf12-af4759342c83","Bartholian Cyst",,"Diagnosis",,"N/A",,,,,,"","","",,,
"c62c0055-7823-4091-b844-3f0d6a7cebf8","Basal cell carcinoma",,"Diagnosis",,"N/A",,,,,,"","","",,,
"8e01d934-8ffd-46af-80de-192fe782db37","Below knee amputation, right",,"Diagnosis",,"N/A",,,,,,"","","",,,
"229ab327-0794-4422-8f8e-9533972267ae","below knee swelling, right",,"Diagnosis",,"N/A",,,,,,"","","",,,
"bb08381c-fd39-468e-95c6-fdbe234b7142","Benign prostate hypertrophy",,"Diagnosis",,"N/A",,,,,,"","","",,,
"aa45d9d7-f318-4175-87ae-f1982b576b3f","Benign prostate hypertrophy - Right",,"Diagnosis",,"N/A",,,,,,"","","",,,
"b281ebe2-d5fb-4e33-8df5-2a0f2dd46bd5","Benign prostate hypertrophy &CRF",,"Diagnosis",,"N/A",,,,,,"","","",,,
"65e6b658-93d0-4b32-96a3-1e5b2cde949a","Benign prostate hypertrophy, suspected",,"Diagnosis",,"N/A",,,,,,"","","",,,
"5b045428-c50e-4ccb-b548-85c854f7bd32","Berger's disease",,"Diagnosis",,"N/A",,,,,,"","","",,,
"cd99e168-08c6-406f-bca1-12456f4ed99f","Bilateral FUJ obstruction",,"Diagnosis",,"N/A",,,,,,"","","",,,
"7fd34f6e-6a2b-48f4-aa55-005561870d47","Bilateral hydrocele",,"Diagnosis",,"N/A",,,,,,"","","",,,
"15ce5974-ed86-11e3-8f57-746bba63c2a3","Bleeding Per vaginum",,"Diagnosis","Bleeding Per Vaginum","N/A",,,,,,"","","",,,
"e6b7facb-0026-444d-b8fe-c17b9e0d38c3","branchial sinus, right",,"Diagnosis",,"N/A",,,,,,"","","",,,
"942950a0-da5d-4f18-a458-9a6b85f27545","Breast abscess",,"Diagnosis",,"N/A",,,,,,"","","",,,
"2b297913-027c-45df-8bd6-1cb084e4fb51","Breast abscess fascitis, right",,"Diagnosis",,"N/A",,,,,,"","","",,,
"14f9cd12-3c0c-433e-b21a-32dc7534860a","breast abscess with lump, right",,"Diagnosis",,"N/A",,,,,,"","","",,,
"68a32224-8355-4e74-979e-e3be55c85ff5","breast abscess, bilateral",,"Diagnosis",,"N/A",,,,,,"","","",,,
"fcc2f1ba-f42f-43d8-a246-43a3390e374e","Breast abscess, left",,"Diagnosis",,"N/A",,,,,,"","","",,,
"d7807663-20db-4698-b699-b63495b6ff48","Breast abscess, right",,"Diagnosis",,"N/A",,,,,,"","","",,,
"1c1a3ac4-26c7-4d7d-8c8f-f1fe518b9b16","Breast cancer, bilateral",,"Diagnosis",,"N/A",,,,,,"","","",,,
"426b4d71-2b54-46c8-9fef-ba4a9902256c","Breast Excision",,"Diagnosis",,"N/A",,,,,,"","","",,,
"6636995a-ebec-4b04-afd5-2d18fe119576","Breast Fibroadenoma, left",,"Diagnosis",,"N/A",,,,,,"","","",,,
"fe9a3543-e3d8-4b4a-991f-4058ac972576","Breast Fibroadenoma, right",,"Diagnosis",,"N/A",,,,,,"","","",,,
"9d865814-e34b-11e3-983a-91270dcbd3bf","Breast lump",,"Diagnosis",,"N/A",,,,,,"","","",,,
"ac83b9fe-1c42-4fc5-b2e3-cbe8a9903fe7","breast lump, left",,"Diagnosis",,"N/A",,,,,,"","","",,,
"16b29114-2f6e-4449-96e0-78f391147126","breast lump, right",,"Diagnosis",,"N/A",,,,,,"","","",,,
"41c0ac59-80f4-49f9-ac04-fa9ddec46113","breast mass, left",,"Diagnosis",,"N/A",,,,,,"","","",,,
"02546374-121f-4884-910a-2579fdd7e33b","Breast nodule",,"Diagnosis",,"N/A",,,,,,"","","",,,
"bc5b39a3-044a-458f-a239-fa35c374285e","breast nodule, left",,"Diagnosis",,"N/A",,,,,,"","","",,,
"76137d3e-8499-4802-b062-9b74245c066b","breast papilloma, left",,"Diagnosis",,"N/A",,,,,,"","","",,,
"90ebe732-7601-4d1a-a248-b30ae12baf7c","Breast sinus excision",,"Diagnosis",,"N/A",,,,,,"","","",,,
"feaaf8c0-069f-443f-97e8-c753fea16ddb","Broad ligament tumor",,"Diagnosis",,"N/A",,,,,,"","","",,,
"1677bfcb-f5af-4774-8668-8a1d11fba0bd","Broad ligament fibroid",,"Diagnosis",,"N/A",,,,,,"","","",,,
"51ebd540-d53d-44fb-b31f-3ad0699d6265","Bronchial cyst",,"Diagnosis",,"N/A",,,,,,"","","",,,
"45f12d6f-dda7-4edf-b408-73072a6c7bf6","Buccal mucosa leukoplakia",,"Diagnosis",,"N/A",,,,,,"","","",,,
"56f093ac-3f2f-11e4-a1f2-ba526e30a5ad","Buerger's disease",,"Diagnosis",,"N/A",,,,,,"","","",,,
"2e5dcc41-3a73-45a3-950a-cee10614c2cd","Cancer ascending colon",,"Diagnosis",,"N/A",,,,,,"","","",,,
"687330e5-ccf9-4a05-8b6a-921e48b345df","Cancer Breast",,"Diagnosis",,"N/A",,,,,,"","","",,,
"cb0de8bb-9aef-42e1-9d06-6809f6ceb21c","Cancer breast Left",,"Diagnosis",,"N/A",,,,,,"","","",,,
"95f7c2c7-f456-462f-9476-77143f455d3e","Cancer breast Right",,"Diagnosis",,"N/A",,,,,,"","","",,,
"57aeff83-f8e6-422b-a962-478dc6591244","Cancer breast, left",,"Diagnosis",,"N/A",,,,,,"","","",,,
"a164f56d-2455-4bee-a036-4035d794ac0b","Cancer breast, right",,"Diagnosis",,"N/A",,,,,,"","","",,,
"6df5f5f8-e6d7-4575-82d2-7265b2318cb1","Cancer cervix",,"Diagnosis",,"N/A",,,,,,"","","",,,
"b2b3d9bf-1e0a-49e2-a2a1-0a5103c9dd48","Cancer cervix I",,"Diagnosis",,"N/A",,,,,,"","","",,,
"ccc408a9-dc47-4325-9cb7-6721399e66b1","Cancer cervix II",,"Diagnosis",,"N/A",,,,,,"","","",,,
"45e75520-f669-413c-ba8e-dfe73e57b42f","Cancer cervix IIB",,"Diagnosis",,"N/A",,,,,,"","","",,,
"9dff03e0-bfc4-4c3e-b3c4-dac3690ffde4","Cancer cervix IIA",,"Diagnosis",,"N/A",,,,,,"","","",,,
"c2278771-9c0d-432d-9da5-bcdf1b781311","Cancer cervix IIIA",,"Diagnosis",,"N/A",,,,,,"","","",,,
"60dc9603-0582-4af8-b298-ca82b8e2ab09","Cancer cervix IIIB",,"Diagnosis",,"N/A",,,,,,"","","",,,
"8d4c68a1-9c79-4cf4-b816-ed18e220763d","Cancer cervix IVA",,"Diagnosis",,"N/A",,,,,,"","","",,,
"81cdbefe-c383-4a57-a9ab-6adee8aad4bc","Cancer cervix IVB",,"Diagnosis",,"N/A",,,,,,"","","",,,
"fed66ff7-8975-48bb-8507-6693d2c07aa0","Cancer colon",,"Diagnosis",,"N/A",,,,,,"","","",,,
"9fa12b39-fdab-4d04-b5e4-8cf743a62a50","Cancer esophagus",,"Diagnosis",,"N/A",,,,,,"","","",,,
"1db4e81f-87f8-42d9-b937-4a732f14781e","Cancer Oral",,"Diagnosis",,"N/A",,,,,,"","","",,,
"2eff1bfa-2129-48ad-ad78-b42f7f4a2381","Cancer ovary",,"Diagnosis",,"N/A",,,,,,"","","",,,
"a8c30505-58cc-4661-941a-05716b46da2b","Cancer penis",,"Diagnosis",,"N/A",,,,,,"","","",,,
"010956a2-de4a-4cd8-ba85-1178ae798502","Cancer peptic flexure colon",,"Diagnosis",,"N/A",,,,,,"","","",,,
"a98a341c-8028-46b6-9e45-fdcaa2448910","Cancer prostate",,"Diagnosis",,"N/A",,,,,,"","","",,,
"76ddbaac-7498-44a3-a033-0ef816439b70","Cancer prostate, suspected",,"Diagnosis",,"N/A",,,,,,"","","",,,
"13ffffca-080c-401e-9c05-67edaf4f567d","Cancer rectal with perineal fistula",,"Diagnosis",,"N/A",,,,,,"","","",,,
"4a243ca0-37e5-48d2-a782-42ede799e95c","Cancer rectum",,"Diagnosis",,"N/A",,,,,,"","","",,,
"e9c6cbdb-7055-4c37-a12e-022742bc9fca","Cancer rectum + rectosigmoid colon",,"Diagnosis",,"N/A",,,,,,"","","",,,
"78f7f6e7-e8d9-43c3-a970-59b5533b3924","Cancer Rectum Anal Cancernal",,"Diagnosis",,"N/A",,,,,,"","","",,,
"b19384d1-c8c8-43a2-ada7-f13801c17a3d","Cancer rectum in obstruction",,"Diagnosis",,"N/A",,,,,,"","","",,,
"cd24ff36-6da5-4766-90cf-f23a3db002ae","Cancer somach",,"Diagnosis",,"N/A",,,,,,"","","",,,
"7eb11093-9d2b-418c-8275-f390648dc9bf","Cancer stomach (GJA)",,"Diagnosis",,"N/A",,,,,,"","","",,,
"e96ce7f2-2973-4075-82a0-60baa4a66121","Cancer Stomach distal adenocarcinoma",,"Diagnosis",,"N/A",,,,,,"","","",,,
"8f3275d9-d8f9-475b-8b56-5b03422a066a","Cancer stomach Gastric outlet obstruction",,"Diagnosis",,"N/A",,,,,,"","","",,,
"efcb1503-596a-46e4-870e-7e7b202ad5da","Cancer Testis",,"Diagnosis",,"N/A",,,,,,"","","",,,
"f27d514a-6334-40d8-89d5-7a8cfa2af5a3","Cancer tongue",,"Diagnosis",,"N/A",,,,,,"","","",,,
"49020466-6d7f-464d-9bfd-8392c1f5cd71","Cancer transvers colon",,"Diagnosis",,"N/A",,,,,,"","","",,,
"e2ffbfc1-ae43-42f6-aeec-f7998345faea","Cancer Vulva",,"Diagnosis",,"N/A",,,,,,"","","",,,
"20ae3a94-a15b-4c6f-87c7-6f58d45b00c1","carbuncle",,"Diagnosis",,"N/A",,,,,,"","","",,,
"5d7a8f3a-3f2f-11e4-a1f2-ba526e30a5ad","Carcinoma breast, left",,"Diagnosis",,"N/A",,,,,,"","","",,,
"9f22455e-3f2f-11e4-a1f2-ba526e30a5ad","Carcinoma stomach",,"Diagnosis",,"N/A",,,,,,"","","",,,
"150f1880-8ba4-4ee1-88c9-71ee07331eb0","CBD calculus",,"Diagnosis",,"N/A",,,,,,"","","",,,
"8455bb75-517c-413b-8981-50fe441fb3d6","Cervical abscess",,"Diagnosis",,"N/A",,,,,,"","","",,,
"cad1dabb-bd90-4a3c-8142-b65697c2564e","Cervical abscess, left",,"Diagnosis",,"N/A",,,,,,"","","",,,
"4f8140ea-24b0-459f-8376-c094392aa1db","cervical dysplasia",,"Diagnosis",,"N/A",,,,,,"","","",,,
"d1a8db69-3f2f-11e4-a1f2-ba526e30a5ad","Cervical erosion",,"Diagnosis",,"N/A",,,,,,"","","",,,
"586d538f-59f3-420f-8e9e-4cec2ecb5274","Cervical fibroid",,"Diagnosis",,"N/A",,,,,,"","","",,,
"85906de1-6bc4-43b0-a862-2eee3acddf01","Cervical Fibroid With Severe Anemia, Large",,"Diagnosis",,"N/A",,,,,,"","","",,,
"81aeb6ad-86f4-4754-95e7-31b0c33bb956","Cervical Fibroid, Large",,"Diagnosis",,"N/A",,,,,,"","","",,,
"cf91b898-5a00-49d9-a486-3da53ebe9d1d","Cervical Growth, Large",,"Diagnosis",,"N/A",,,,,,"","","",,,
"7aeb84b6-0c11-409c-81cd-5711f6547777","Cervical lymph node",,"Diagnosis",,"N/A",,,,,,"","","",,,
"a7f4f129-6cf3-450c-9cca-0801dd164ccb","Cervical lymph node, right",,"Diagnosis",,"N/A",,,,,,"","","",,,
"34976903-f142-4fe2-9759-25cd53c1e897","cervical lymphademopathy, left",,"Diagnosis",,"N/A",,,,,,"","","",,,
"d50bcf85-3f2f-11e4-a1f2-ba526e30a5ad","Cervical polyp",,"Diagnosis",,"N/A",,,,,,"","","",,,
"d698324d-f9cf-4d0c-911a-230b7db5f951","Cervicitis, chronic",,"Diagnosis",,"N/A",,,,,,"","","",,,
"5780c4d3-484e-4148-ba9b-e439c8a2b33c","cheek cyst, right",,"Diagnosis",,"N/A",,,,,,"","","",,,
"1e9a0f67-7104-443c-8b84-5c17bfb84a1e","Choledochal cyst",,"Diagnosis",,"N/A",,,,,,"","","",,,
"a456eda5-8917-4a10-9427-4c44bf1e64ca","Cholelithiasis",,"Diagnosis",,"N/A",,,,,,"","","",,,
"11539bcf-e58f-4f4a-bf48-76eb48f4c304","Cholelithothias with cholecystitis",,"Diagnosis",,"N/A",,,,,,"","","",,,
"e4a79d7a-7cec-44d4-9c20-b4f4738e3cfe","Chronic appendicitis with perforation",,"Diagnosis",,"N/A",,,,,,"","","",,,
"1b62813e-bdd9-4940-a1dc-ed3c3b50b5e0","Chronic appendicitis, suspected carcinoma",,"Diagnosis",,"N/A",,,,,,"","","",,,
"e28f6f7b-6441-4b2d-8b70-5c45e3e5dccd","Chronic cervicitis with PID",,"Diagnosis",,"N/A",,,,,,"","","",,,
"9527441e-2224-4320-9724-8eead1caed39","Chronic Du with Gastric outlet obstruction",,"Diagnosis",,"N/A",,,,,,"","","",,,
"0d0b1a98-9331-4bb7-a0f4-fd4eeca8c840","Chronic Duodenal ulcer",,"Diagnosis",,"N/A",,,,,,"","","",,,
"0ad03668-e34c-11e3-983a-91270dcbd3bf","Chronic osteomyelitis",,"Diagnosis",,"N/A",,,,,,"","","",,,
"a364fa51-671f-4acb-a78d-f0c93f34543a","Chronic PID",,"Diagnosis",,"N/A",,,,,,"","","",,,
"e079806d-3075-4817-997d-acfa5bdb2cd6","Chronic Pyloric sterosis",,"Diagnosis",,"N/A",,,,,,"","","",,,
"a0c454ea-3438-4e50-9c11-5b41721aef58","Chronic ruptured Uterus",,"Diagnosis",,"N/A",,,,,,"","","",,,
"87574662-e719-4b21-86fd-dc953bd6232e","cleft lip and palate",,"Diagnosis",,"N/A",,,,,,"","","",,,
"1957aef4-cbf7-457b-b0ba-fe53a5595fe1","Cleft lip Right",,"Diagnosis",,"N/A",,,,,,"","","",,,
"d91e7029-f607-458a-9129-0fe5830e9d19","cleft lip, bilateral",,"Diagnosis",,"N/A",,,,,,"","","",,,
"6b91a381-6e86-4064-9c2d-8fde2cc21f2c","cleft lip, left",,"Diagnosis",,"N/A",,,,,,"","","",,,
"58414f49-e34d-11e3-983a-91270dcbd3bf","Cleft palate",,"Diagnosis","Cleft Palate","N/A",,,,,,"","","",,,
"89a6c1fa-bbd0-41ad-9e21-d11234888aa7","Cleft palate midline",,"Diagnosis",,"N/A",,,,,,"","","",,,
"884f6244-2bb9-4e53-bf0d-93484b975bf7","CLW",,"Diagnosis",,"N/A",,,,,,"","","",,,
"68bcd76e-20fb-40aa-a6dc-bbead1149348","colle's Fracture, left",,"Diagnosis",,"N/A",,,,,,"","","",,,
"8a358e90-e62e-4873-b4fe-bfbf94e17578","colle's Fracture, right",,"Diagnosis",,"N/A",,,,,,"","","",,,
"51c7cb2a-6ca7-4fbd-85bb-4a943c237997","Congenital hernia",,"Diagnosis",,"N/A",,,,,,"","","",,,
"3e45b807-cc33-4d07-85d8-97bfebc87471","Congenital Hernia + undersceded testis, right",,"Diagnosis",,"N/A",,,,,,"","","",,,
"67d93d71-1f2f-4ad3-b243-cf6d8fa10090","Congenital hernia omentocele, right",,"Diagnosis",,"N/A",,,,,,"","","",,,
"1d13571d-e8c9-49a9-b66c-bede75caf454","Congenital hernia, Inguinal, right",,"Diagnosis",,"N/A",,,,,,"","","",,,
"d3b14884-094a-479b-9531-4b53ff0d41b1","Congenital Hernia, left",,"Diagnosis",,"N/A",,,,,,"","","",,,
"e3a47c0a-249f-46e4-8b30-4abed24338e3","Congenital hernia, right",,"Diagnosis",,"N/A",,,,,,"","","",,,
"7c1c7b71-2abf-4875-9153-f150c016a3a6","Congenital hydrocephalus with shunt block",,"Diagnosis",,"N/A",,,,,,"","","",,,
"9297c3ed-5f26-46a7-9275-5adcd185f85b","Congenital hydrocele, Left",,"Diagnosis",,"N/A",,,,,,"","","",,,
"45a6b5f7-6f8c-44e4-a689-16e487902d07","Congenital Hydrocele, right",,"Diagnosis",,"N/A",,,,,,"","","",,,
"14f63738-901a-4aea-a79c-75992fb2b73a","Congenital hydrocephalus",,"Diagnosis",,"N/A",,,,,,"","","",,,
"d88eb735-0eba-465a-b135-cbb619e00990","Contracted pelvis",,"Diagnosis",,"N/A",,,,,,"","","",,,
"aab3bb4c-e2a6-419d-9e74-2b68ed1a7169","CPD",,"Diagnosis",,"N/A",,,,,,"","","",,,
"8fdb7a14-ea9d-45c7-9265-f1312e4c8890","CSOM",,"Diagnosis",,"N/A",,,,,,"","","",,,
"b5dd4344-65af-4670-9f5b-0048ec8aa8de","CSOM, bilateral",,"Diagnosis",,"N/A",,,,,,"","","",,,
"6cf5d9a3-7db8-40a4-8f51-2c6a20a5effa","CSOM, left",,"Diagnosis",,"N/A",,,,,,"","","",,,
"38fb425b-c25b-4cee-9fa9-9c0953086c58","CSOM, right",,"Diagnosis",,"N/A",,,,,,"","","",,,
"3852849f-8025-498c-94f5-9821f484746b","CTEV",,"Diagnosis",,"N/A",,,,,,"","","",,,
"f1df3354-8029-4e57-a514-1eef947a8da4","CtEV, bilateral",,"Diagnosis",,"N/A",,,,,,"","","",,,
"99cd56af-583c-4035-90f2-778fbf1030d5","Cyst",,"Diagnosis",,"N/A",,,,,,"","","",,,
"e7d85b23-7fe6-4878-a53c-226cec2a4120","Cystosarcoma phylloides",,"Diagnosis",,"N/A",,,,,,"","","",,,
"919f2091-e34b-11e3-983a-91270dcbd3bf","Dental abscess",,"Diagnosis",,"N/A",,,,,,"","","",,,
"b41d56c0-6de8-4971-b380-7b4d19a59a95","Dermoid",,"Diagnosis",,"N/A",,,,,,"","","",,,
"41c79e09-a49e-48ff-a729-97870ccaa1b8","Dermoid (scalp)",,"Diagnosis",,"N/A",,,,,,"","","",,,
"87f405eb-3f18-4c7f-ad87-f2263d945206","Dermoid Cyst",,"Diagnosis",,"N/A",,,,,,"","","",,,
"469b6cfc-8c6c-4f59-85a0-677530ea490d","dermoid with torsion, bilateral",,"Diagnosis",,"N/A",,,,,,"","","",,,
"00d62cb0-24ef-4546-9ed3-5f26e3f4cac0","Dermoid, scalp",,"Diagnosis",,"N/A",,,,,,"","","",,,
"31e974a8-4594-42dc-8f8c-c7543e2c1768","Descented testis",,"Diagnosis",,"N/A",,,,,,"","","",,,
"41f1052f-ec13-4685-adaa-1d99bc734ea2","Dilatation and curratage (D and C)",,"Diagnosis",,"N/A",,,,,,"","","",,,
"0f115294-fa2a-4b8b-b5a8-294a04ac781e","Distal hypospadias",,"Diagnosis",,"N/A",,,,,,"","","",,,
"b2b5453b-af55-4656-a7c7-01bb4c155e02","Distal Penil Hypospadias",,"Diagnosis",,"N/A",,,,,,"","","",,,
"f727c677-e34b-11e3-983a-91270dcbd3bf","Dog Bite",,"Diagnosis",,"N/A",,,,,,"","","",,,
"2f05d1f4-85b9-49cc-9892-1abd59e6abae","Duodenal Atresia",,"Diagnosis",,"N/A",,,,,,"","","",,,
"fa70237e-a665-4a96-a2f2-7ed525c241de","Duodenal perforation",,"Diagnosis",,"N/A",,,,,,"","","",,,
"c6f15db7-85b5-4828-9c9c-731feb355580","Duodenal Perforation with peritonitis",,"Diagnosis",,"N/A",,,,,,"","","",,,
"aa23b5ea-b53a-430f-8001-f357f5ec6510","Duodenal perforation, suspected",,"Diagnosis",,"N/A",,,,,,"","","",,,
"439860e0-3f30-11e4-a1f2-ba526e30a5ad","Dysfunctional Uterine Bleeding (DUB)",,"Diagnosis",,"N/A",,,,,,"","","",,,
"800bd424-5b7a-4d85-84de-17d2fd0dd70c","Dysfunctional Uterine Bleeding with severe anemia",,"Diagnosis",,"N/A",,,,,,"","","",,,
"277598e0-5b66-4147-89d2-0a509c41a4a7","Dysfunctional Uterine Bleeding, Multipal fibroid",,"Diagnosis",,"N/A",,,,,,"","","",,,
"8fb8a44b-1343-4a27-bd8d-a8b5d1173e71","EA + Duodenal atresia",,"Diagnosis",,"N/A",,,,,,"","","",,,
"b44f9a0a-67e7-478d-ba6a-47cf8ce7a9b7","EA + TEF",,"Diagnosis",,"N/A",,,,,,"","","",,,
"699381c5-0f40-4e14-86dd-854d71e59bb9","Early pregnancy",,"Diagnosis",,"N/A",,,,,,"","","",,,
"b008c36f-b53c-4890-bdf7-488bc9f61492","Eclampsia",,"Diagnosis",,"N/A",,,,,,"","","",,,
"9dac6129-10e8-454e-8bec-ae35b48cd6d1","ectopic anus, anterior",,"Diagnosis",,"N/A",,,,,,"","","",,,
"771261fd-94e5-4e7a-b3c7-95cf0425e894","Ectopic pregnancy",,"Diagnosis",,"N/A",,,,,,"","","",,,
"fdf9144b-f74a-44a5-b2c4-0ff59d6eae2c","Ectopic pregnancy, chronic",,"Diagnosis",,"N/A",,,,,,"","","",,,
"9e6c15ca-47ca-44c5-84e8-5053a5cbf21a","Emphysema, right",,"Diagnosis",,"N/A",,,,,,"","","",,,
"688b3a9e-7940-4503-a142-e163188fde36","emphysemetosis pyomephrosis, right",,"Diagnosis",,"N/A",,,,,,"","","",,,
"3fd48932-15c6-4211-b046-3bf75ab8e6e5","Empyema",,"Diagnosis",,"N/A",,,,,,"","","",,,
"018b142a-50ab-48c9-8774-ed1f8294c5ee","empyema thoracis, right",,"Diagnosis",,"N/A",,,,,,"","","",,,
"d005fc34-ed8f-48e8-86c3-da25db9743c9","Empyema thoracis",,"Diagnosis",,"N/A",,,,,,"","","",,,
"1cf0e2e2-724d-4cf6-910a-809fe34da8b1","empyema thoracis, left",,"Diagnosis",,"N/A",,,,,,"","","",,,
"3895fafa-26d1-40ab-82b2-d1d817294162","empyema tubercular, right",,"Diagnosis",,"N/A",,,,,,"","","",,,
"914f66ab-70c6-4798-8111-50f29fdea138","empyema, left",,"Diagnosis",,"N/A",,,,,,"","","",,,
"00cfb457-63f4-4ecb-bc37-d2eb05544230","Empyema, right",,"Diagnosis",,"N/A",,,,,,"","","",,,
"0b283c4c-e34c-11e3-983a-91270dcbd3bf","Encephalocele",,"Diagnosis",,"N/A",,,,,,"","","",,,
"7602bf65-3015-4e3d-b9a9-8c9d40859b0d","Endometrial hyperplasia",,"Diagnosis",,"N/A",,,,,,"","","",,,
"549641e0-3f30-11e4-a1f2-ba526e30a5ad","Epigastric hernia",,"Diagnosis",,"N/A",,,,,,"","","",,,
"061adc78-e34c-11e3-983a-91270dcbd3bf","Epispadias",,"Diagnosis",,"N/A",,,,,,"","","",,,
"c9b91a85-5c41-48f8-837f-0350e12b6d5a","Epispadias incontinent",,"Diagnosis",,"N/A",,,,,,"","","",,,
"d21231f0-23e2-4542-9257-5493b24ef8f4","Esophageal atresia",,"Diagnosis",,"N/A",,,,,,"","","",,,
"09e6672e-5248-4dde-b7ef-021d546c673b","Esophageal stricture",,"Diagnosis",,"N/A",,,,,,"","","",,,
"aa530e44-5060-4768-bc42-26f19086fb1e","Excision of dermoid cyst",,"Diagnosis",,"N/A",,,,,,"","","",,,
"3a9f2dd0-fb7a-412d-843d-5d726b6419d2","Excision of sebaceons cyst",,"Diagnosis",,"N/A",,,,,,"","","",,,
"e0051a32-8c46-46fb-8d00-0b3cb352263f","Excision biopsy",,"Diagnosis",,"N/A",,,,,,"","","",,,
"303f7b78-f103-4736-8821-6c993e037a2f","Excision Fistulectomy",,"Diagnosis",,"N/A",,,,,,"","","",,,
"133d4db0-f386-472a-82f2-a1682f8ca960","Exomphalas Major",,"Diagnosis",,"N/A",,,,,,"","","",,,
"c938181a-1abe-4979-86fb-da57a039cd9e","Exomphalos",,"Diagnosis",,"N/A",,,,,,"","","",,,
"fef10e69-66d4-4cd5-9bd3-79df4d3b1fcc","Extensive hepatic and nodal Metastasis",,"Diagnosis",,"N/A",,,,,,"","","",,,
"5fba77a5-33d0-4111-801f-a5b7f4332132","Hypospadias, extreme",,"Diagnosis",,"N/A",,,,,,"","","",,,
"cec230bd-06f0-4d2a-910c-90c323bb1148","Extrophy bladder",,"Diagnosis",,"N/A",,,,,,"","","",,,
"c499be64-fb7c-42c4-9bd5-6c12e5b006af","Fascitis",,"Diagnosis",,"N/A",,,,,,"","","",,,
"30dc480b-d468-4751-af32-21080601f8f4","Fetal distress",,"Diagnosis",,"N/A",,,,,,"","","",,,
"e10c3136-afd4-45ed-aaf6-7513e06541fc","fibroadenoma",,"Diagnosis",,"N/A",,,,,,"","","",,,
"1c81f375-0df4-4cb1-84f6-fbb1d8714716","Fibroadenoma breast",,"Diagnosis",,"N/A",,,,,,"","","",,,
"cc676142-1f80-4b14-8fac-405e1fdc2233","Fibroadenoma breast, left",,"Diagnosis",,"N/A",,,,,,"","","",,,
"54b35ee1-1c39-40c8-b05f-5d33537680b5","Fibroadenoma breast, right",,"Diagnosis",,"N/A",,,,,,"","","",,,
"af8635af-0bb3-460c-ba81-3a733c682eb1","Fibroid uterus",,"Diagnosis",,"N/A",,,,,,"","","",,,
"cfc57df5-75e2-4130-a86c-f37e986f26b4","Fibroid uterus (Ant. wall) with Menorhage",,"Diagnosis",,"N/A",,,,,,"","","",,,
"53ca322b-d973-4b31-916a-147bb02eb5eb","Fibroid uterus (broad lip)",,"Diagnosis",,"N/A",,,,,,"","","",,,
"6bf7312f-38eb-4a30-b22b-bac318d3d9ff","Fibroid Uterus (Cervical)",,"Diagnosis",,"N/A",,,,,,"","","",,,
"87e84137-fdc7-44e0-9752-383db2813094","Fibroid uterus with severe anemia",,"Diagnosis",,"N/A",,,,,,"","","",,,
"0876f79e-dacc-4aed-92e6-7de06ebdf5b2","Fibroid uterus, Large",,"Diagnosis",,"N/A",,,,,,"","","",,,
"81f27e4c-3f30-11e4-a1f2-ba526e30a5ad","Fissure in ano",,"Diagnosis",,"N/A",,,,,,"","","",,,
"863e487a-3f30-11e4-a1f2-ba526e30a5ad","Fistula in ano",,"Diagnosis",,"N/A",,,,,,"","","",,,
"c1b328d8-c801-4a77-a208-3131258c23ff","foot gangrene, Left",,"Diagnosis",,"N/A",,,,,,"","","",,,
"a31f6969-25d6-4404-8ba6-6b109ee0c4c9","foot gangrene, right",,"Diagnosis",,"N/A",,,,,,"","","",,,
"152b29ee-bf5b-4a78-b2bb-b45ac98c903c","Foreign Body",,"Diagnosis",,"N/A",,,,,,"","","",,,
"bf769897-a968-4c14-96bd-2ac10b8095ec","Foreign body foot",,"Diagnosis",,"N/A",,,,,,"","","",,,
"14fe96bb-3e51-4ce5-ae83-53d62723b6f7","Foreign body ganuloma",,"Diagnosis",,"N/A",,,,,,"","","",,,
"9559e59d-3f30-11e4-a1f2-ba526e30a5ad","Frozen shoulder, right",,"Diagnosis",,"N/A",,,,,,"","","",,,
"93a6757c-3f30-11e4-a1f2-ba526e30a5ad","Frozen shoulder, left",,"Diagnosis",,"N/A",,,,,,"","","",,,
"0350f4d5-c40b-4de5-945c-bbd386209cea","Frozen shoulder",,"Diagnosis",,"N/A",,,,,,"","","",,,
"eb941146-3030-42c5-9c1e-0125ee6a074c","Gall bladder Calculas",,"Diagnosis",,"N/A",,,,,,"","","",,,
"e8932849-e34b-11e3-983a-91270dcbd3bf","Gangrene",,"Diagnosis",,"N/A",,,,,,"","","",,,
"097b1204-5482-41c2-a45f-8e0d7d584857","Gastric outlet obstruction",,"Diagnosis",,"N/A",,,,,,"","","",,,
"840ce566-b3c1-4646-acf3-c13bcae0c8cf","Gastric outlet obstruction (PUD)",,"Diagnosis",,"N/A",,,,,,"","","",,,
"242c34e5-618d-433a-be84-4d3770f36077","Gastroscisics",,"Diagnosis",,"N/A",,,,,,"","","",,,
"8f3f5058-c58f-4b54-9e67-5215682338d9","Gluteal absces, right",,"Diagnosis",,"N/A",,,,,,"","","",,,
"8efaa243-0142-453c-aef3-053425b89bf9","Gluteal abscess",,"Diagnosis",,"N/A",,,,,,"","","",,,
"d862995a-5fea-4121-8ad8-a48f1bd80e38","Gluteal abscess, left",,"Diagnosis",,"N/A",,,,,,"","","",,,
"2f306d9e-3d05-431d-97de-3530b4c87570","Granuloma",,"Diagnosis",,"N/A",,,,,,"","","",,,
"25bac15f-17e3-4e48-be5e-8fa71d176c6a","Granuloma, scalp",,"Diagnosis",,"N/A",,,,,,"","","",,,
"c0b06fe7-d89a-4824-bfec-781f8d71c734","gynecomastia, left",,"Diagnosis",,"N/A",,,,,,"","","",,,
"e82138f3-8576-4767-8c2f-852e14a1c44c","gynecomastia",,"Diagnosis",,"N/A",,,,,,"","","",,,
"7a8158e9-e5f2-467e-8a4d-b9313379cfd4","gynecomastia, right",,"Diagnosis",,"N/A",,,,,,"","","",,,
"c568ec68-ab29-4d07-a616-73de939f8ed9","Haemangioma",,"Diagnosis",,"N/A",,,,,,"","","",,,
"de6a0c4b-c22f-43f0-9685-d12dd9826722","Haemmorhoids",,"Diagnosis",,"N/A",,,,,,"","","",,,
"c92badd4-8dcd-44e4-96dd-a25ac62898b8","Head Injury",,"Diagnosis","Head injury","N/A",,,,,,"","","",,,
"f44b90e0-ee51-4b69-bdab-6e02ecb040bc","High anorectal malformation",,"Diagnosis",,"N/A",,,,,,"","","",,,
"86502cd0-6a72-497e-ac85-8191d6f07a5b","High anorectal malformation - FUC",,"Diagnosis",,"N/A",,,,,,"","","",,,
"7ef79b9f-b329-4caa-bf14-fb72286ceb6a","High anorectal malformation - RUF",,"Diagnosis",,"N/A",,,,,,"","","",,,
"d0bcbd00-3f30-11e4-a1f2-ba526e30a5ad","Hirschsprung's disease",,"Diagnosis",,"N/A",,,,,,"","","",,,
"436805d9-65d6-47d2-a27c-19224b06e9c8","Hirschsprung's disease (FUC)",,"Diagnosis",,"N/A",,,,,,"","","",,,
"b0b9eeb6-119e-44c7-a149-c9f17c406c48","Hirschsprung's disease with urethral stricture",,"Diagnosis",,"N/A",,,,,,"","","",,,
"2c5a4488-cc9f-4890-b88e-5caa067f8609","Hirschsprung's disease, colostomy",,"Diagnosis",,"N/A",,,,,,"","","",,,
"406f2576-79e0-4a4f-8fe5-daa25e38c1d9","Hirschsprung's disease, suspected",,"Diagnosis",,"N/A",,,,,,"","","",,,
"e68b378b-1c81-4a56-940e-794933d39a86","Hodgkin's disease, suspected",,"Diagnosis",,"N/A",,,,,,"","","",,,
"95dac1c9-af91-4fe0-9838-06b7e0731cf6","Hydatid cyst",,"Diagnosis",,"N/A",,,,,,"","","",,,
"891f010b-f5e8-4b28-a199-264bd1bdd7bd","Hydatid cyst liver",,"Diagnosis",,"N/A",,,,,,"","","",,,
"b3c4c0f3-17cf-466f-a0f1-7880c073fd39","hydatid cyst, bilateral lungs",,"Diagnosis",,"N/A",,,,,,"","","",,,
"04feb586-d1c8-4dcd-a77c-771549eb1650","Hydrocele, bilateral",,"Diagnosis",,"N/A",,,,,,"","","",,,
"71cf6002-d716-461b-bf66-e21b616bb4bb","Hydrocele, Left",,"Diagnosis",,"N/A",,,,,,"","","",,,
"7f8d7f30-1caf-4d62-9f8e-4bcca49fa07e","Hydrocele, right",,"Diagnosis",,"N/A",,,,,,"","","",,,
"e5ecb4a7-4447-4145-86a2-25de0a32c44c","Hydrocephalus",,"Diagnosis",,"N/A",,,,,,"","","",,,
"9092624a-25b6-4441-b6c2-8208b9049546","Hydropneumothorax, Left",,"Diagnosis",,"N/A",,,,,,"","","",,,
"d1bc4bf7-b1d3-40de-b076-beb768605bd9","Hydropneumothorax, Right",,"Diagnosis",,"N/A",,,,,,"","","",,,
"f60296df-e34b-11e3-983a-91270dcbd3bf","Hypospadias",,"Diagnosis",,"N/A",,,,,,"","","",,,
"ff226927-9bcf-4fc4-ac42-0633b9dba94d","Hypospadias, proximal",,"Diagnosis",,"N/A",,,,,,"","","",,,
"447f34b7-2e15-43e5-b860-0e263eb8538c","Hypospadias, distal",,"Diagnosis",,"N/A",,,,,,"","","",,,
"cdf7abd6-7756-414f-8cd3-e5e075234866","Hypospadias with UDT",,"Diagnosis",,"N/A",,,,,,"","","",,,
"4e979e7c-d8a8-47c3-8e71-6063c3ee5c50","Hysterectomy",,"Diagnosis",,"N/A",,,,,,"","","",,,
"4eaacb22-5504-4ef4-9e48-05e991c4f349","Hysterectomy for adenomyosis",,"Diagnosis",,"N/A",,,,,,"","","",,,
"6c248b1f-2a4d-44f5-8a2a-671f26cc9057","Ileocecal adeno carcinoma",,"Diagnosis",,"N/A",,,,,,"","","",,,
"49a83115-7e60-49c2-b653-edad32d52a4c","ileostomy",,"Diagnosis",,"N/A",,,,,,"","","",,,
"fea85b8c-3f72-43dd-aaeb-031fb0dfb0fd","Incision and drainage",,"Diagnosis",,"N/A",,,,,,"","","",,,
"b80f4db7-8590-4f6f-955a-6208fe228ddd","Incisional hernia",,"Diagnosis",,"N/A",,,,,,"","","",,,
"7e5463d2-6449-4dca-8759-67e961615bcf","Incisional Hernia, Large",,"Diagnosis",,"N/A",,,,,,"","","",,,
"6e4bf921-2e11-404e-bdc4-5ec540b3d08a","Incomplete abortion",,"Diagnosis",,"N/A",,,,,,"","","",,,
"3c114277-1521-435d-8c53-6e298810fc03","Incontinent epispadias",,"Diagnosis",,"N/A",,,,,,"","","",,,
"fd4780c2-2962-421c-80fc-09eb033fea34","Infected Cyst",,"Diagnosis",,"N/A",,,,,,"","","",,,
"5efe6178-cc9e-40d4-b117-6b63579e34ed","Infected Hemicoletomy",,"Diagnosis",,"N/A",,,,,,"","","",,,
"0ec7622d-0a8d-4491-93cd-dd105b538227","Infected dermoid",,"Diagnosis",,"N/A",,,,,,"","","",,,
"2ba121fa-4c94-4426-8d03-04c198a26693","Infected Finger",,"Diagnosis",,"N/A",,,,,,"","","",,,
"ded78350-c7dc-47e6-8dd9-038b989208d7","Infected Sebacious Cyst",,"Diagnosis",,"N/A",,,,,,"","","",,,
"dd6e0108-e872-4587-8a33-dc8543ba3393","Inguinal abscess, left",,"Diagnosis",,"N/A",,,,,,"","","",,,
"6df98622-9f8b-4081-b8d0-b406da0e4c75","Inguinal abscess, right",,"Diagnosis",,"N/A",,,,,,"","","",,,
"b0c62ea2-700f-4555-9842-4efcfd748460","Inguinal hernia",,"Diagnosis",,"N/A",,,,,,"","","",,,
"00c8cac4-3f31-11e4-a1f2-ba526e30a5ad","Inguinal hernia, left",,"Diagnosis",,"N/A",,,,,,"","","",,,
"ff107596-3f30-11e4-a1f2-ba526e30a5ad","Inguinal hernia, bilateral",,"Diagnosis",,"N/A",,,,,,"","","",,,
"27dba9ea-15af-4273-b767-cec859938bcc","Injection abcsess",,"Diagnosis",,"N/A",,,,,,"","","",,,
"631125cb-e34d-11e3-983a-91270dcbd3bf","Injury",,"Diagnosis","Injury","N/A",,,,,,"","","",,,
"7380774f-069e-4980-8088-16978642519d","Instestinal obstruction",,"Diagnosis",,"N/A",,,,,,"","","",,,
"05d9ce2d-77e9-45a6-a6ae-827059390e38","Interval appendicitis",,"Diagnosis",,"N/A",,,,,,"","","",,,
"2315fea4-70cf-40cd-a5ad-a53477a9ab1d","Intestinal obstructed, suspected",,"Diagnosis",,"N/A",,,,,,"","","",,,
"24e83dc1-93b9-41eb-b3d7-6ee5267aae18","Intramural Fibroid",,"Diagnosis",,"N/A",,,,,,"","","",,,
"c1c5148c-770d-4217-82a2-a4bd2dc70630","Intramural fibroid Uterus",,"Diagnosis",,"N/A",,,,,,"","","",,,
"1dbe3c56-a587-42c6-a770-17ba4e43f7d2","Jejunal atresia",,"Diagnosis",,"N/A",,,,,,"","","",,,
"cdfbc76c-edeb-4169-9298-1c0a34b77995","Keloid",,"Diagnosis",,"N/A",,,,,,"","","",,,
"b4b63914-5806-401b-a74e-ab9813b022b6","Keloid excusion",,"Diagnosis",,"N/A",,,,,,"","","",,,
"fa3965d4-3763-489b-9449-388c6290057e","labial ulcer, left",,"Diagnosis",,"N/A",,,,,,"","","",,,
"728614ac-880f-465e-9c3a-c1b8a504bac5","Labutoplasty",,"Diagnosis",,"N/A",,,,,,"","","",,,
"b700a0eb-9863-45e9-a5a1-04e2db71bc95","Lacerated wound",,"Diagnosis",,"N/A",,,,,,"","","",,,
"ed42cb32-1fef-44a7-a69b-7f6c3dc0a905","Low Anorectal Malformation (LARM)",,"Diagnosis",,"N/A",,,,,,"","","",,,
"88219a0e-c8be-4bd5-9fe3-edd91c51d643","leg absces, right",,"Diagnosis",,"N/A",,,,,,"","","",,,
"98f714f6-5773-4467-8f04-1877948425b7","leg abscess, left",,"Diagnosis",,"N/A",,,,,,"","","",,,
"192dc62d-3f31-11e4-a1f2-ba526e30a5ad","Leprosy",,"Diagnosis",,"N/A",,,,,,"","","",,,
"23d2e94c-da2f-4d1e-b0b5-837cdac49420","Lipoma",,"Diagnosis",,"N/A",,,,,,"","","",,,
"97b7acd1-6f3c-46f3-b6ee-1006c35fa253","lower ureteric calculus, left",,"Diagnosis",,"N/A",,,,,,"","","",,,
"e5b96fe2-525a-42da-bd5b-ea335f6ba8c5","lower ureteric calculus, right",,"Diagnosis",,"N/A",,,,,,"","","",,,
"62419200-1632-4bb2-8ea5-fdf886f93c37","Lower Segment Caesarean Section",,"Diagnosis","LSCS","N/A",,,,,,"","","",,,
"2d4bdc30-edb4-49bc-bea3-26d5007ce9e3","LSCS placenta privia",,"Diagnosis",,"N/A",,,,,,"","","",,,
"b1c3c911-a085-4095-ae16-7da9a38ee3e2","LSCS with contracted plvis",,"Diagnosis",,"N/A",,,,,,"","","",,,
"176226ba-088e-4d0a-b8f6-92f6461b4877","LSCS with Fetal distress",,"Diagnosis",,"N/A",,,,,,"","","",,,
"134e50e0-6beb-4cee-8fbc-5018b1f61b3f","LSCS with CPD",,"Diagnosis",,"N/A",,,,,,"","","",,,
"3787a7d0-70a8-49ff-8391-f2b4730905c9","LSCS with NPOL",,"Diagnosis",,"N/A",,,,,,"","","",,,
"9e074837-85ce-497d-8b5e-0d9f544cb58a","Ludwig's angina",,"Diagnosis",,"N/A",,,,,,"","","",,,
"d368c2d1-73e4-420f-b0eb-3338303ed2b4","Lumbar MMC",,"Diagnosis",,"N/A",,,,,,"","","",,,
"4d3d1eab-80ea-4218-9fa0-7e130c738038","Lumbosacral mmc",,"Diagnosis",,"N/A",,,,,,"","","",,,
"2cc2e118-6b2e-4d6e-b47d-235e88b70a20","Lung hydatid cyst",,"Diagnosis",,"N/A",,,,,,"","","",,,
"c27c1e7b-bc08-4358-9a45-51485ad8ca24","Lung hydatid cyst, left",,"Diagnosis",,"N/A",,,,,,"","","",,,
"7bbde9b3-b09e-4c1b-a270-1143bb4e6bc3","Lung Hydatid cyst, right",,"Diagnosis",,"N/A",,,,,,"","","",,,
"5b488cf0-3ee7-4f0e-b5aa-099592a5cc17","Malignant ovarian tumour, left",,"Diagnosis",,"N/A",,,,,,"","","",,,
"6461120c-affb-464b-9aa4-c6afb80aeed6","Malignant ovarian tumour, right",,"Diagnosis",,"N/A",,,,,,"","","",,,
"4162314c-d156-4eb3-b511-ce1f89f98c3c","Malignant ovarian tumour, bilateral",,"Diagnosis",,"N/A",,,,,,"","","",,,
"c59e571e-d754-49e7-900f-251903f96005","Malignant ovarian tumour, suspected",,"Diagnosis",,"N/A",,,,,,"","","",,,
"3ef1f257-3f31-11e4-a1f2-ba526e30a5ad","Meatal stenosis",,"Diagnosis",,"N/A",,,,,,"","","",,,
"068678b7-8d53-491d-9528-fbbac287ada8","Medura foot",,"Diagnosis",,"N/A",,,,,,"","","",,,
"3e3476cc-85b4-48b7-8a80-d1604f77a06a","Melanoma",,"Diagnosis",,"N/A",,,,,,"","","",,,
"2344f800-41c3-4f83-9d9e-e4c62ae2ce81","Melanoma, suspected",,"Diagnosis",,"N/A",,,,,,"","","",,,
"4d77ec97-95c8-4d2d-b5a9-b5a934039bb2","Melignant melona, suspected",,"Diagnosis",,"N/A",,,,,,"","","",,,
"ace2f3e0-4aef-4338-9165-b25a8ee4e814","Mesentric cyst",,"Diagnosis",,"N/A",,,,,,"","","",,,
"a1d873cb-167a-4b89-96f6-530808401d47","Mid penile hypospadias",,"Diagnosis",,"N/A",,,,,,"","","",,,
"25d63776-49ae-406b-9c0c-34ff9e37a1a7","MMC Ruptured",,"Diagnosis",,"N/A",,,,,,"","","",,,
"d2b92346-03d9-4e73-b05d-407e6ba03a50","MPOL",,"Diagnosis",,"N/A",,,,,,"","","",,,
"df63e2b1-6133-42a9-8099-6c7e839ab548","MTP with TL",,"Diagnosis",,"N/A",,,,,,"","","",,,
"a3bd55d6-84d8-420b-8d24-13b90c18006c","Multipara",,"Diagnosis",,"N/A",,,,,,"","","",,,
"d6066f48-e59d-4cbb-9e99-3d6c77d292fb","Multiple fibroid uterus",,"Diagnosis",,"N/A",,,,,,"","","",,,
"c266f30d-1113-4e64-9b1d-55bebc592aa1","Necrotizing fascitis",,"Diagnosis",,"N/A",,,,,,"","","",,,
"8e6a220b-6bad-4eff-afb4-9dab4ef24640","Nephrolithotomy, right",,"Diagnosis",,"N/A",,,,,,"","","",,,
"7054d7e0-a128-41d2-b6eb-1eef8bac0b47","Nephrolithotomy, left",,"Diagnosis",,"N/A",,,,,,"","","",,,
"ed9679ad-cc5e-4cd9-937b-752c86cf871c","Neurofibroma",,"Diagnosis",,"N/A",,,,,,"","","",,,
"dc4d1f21-24da-4a66-8602-92248021ad74","Inguinal Hernia, obstructed",,"Diagnosis",,"N/A",,,,,,"","","",,,
"23ad5eb1-7a27-40d2-9f11-602680bed6a4","Inguinal Hernia, obstructed, right",,"Diagnosis",,"N/A",,,,,,"","","",,,
"ff874811-e86c-4825-a899-346aef5528cc","Inguinal Hernia, obstructed, left",,"Diagnosis",,"N/A",,,,,,"","","",,,
"bdf1f96d-b29b-4bd0-a749-1b6a4a2ed125","Inguinal Hernia, obstructed, bilateral",,"Diagnosis",,"N/A",,,,,,"","","",,,
"06994380-01a3-4dcb-8430-94cef6164a29","Obstructive hydrocephalus",,"Diagnosis",,"N/A",,,,,,"","","",,,
"b61e2df3-9251-47cd-8701-cc0f5aae37fc","Obstructive uropathy",,"Diagnosis",,"N/A",,,,,,"","","",,,
"683a6269-8465-4264-a078-abeacc88d612","Occipital Encephelocele",,"Diagnosis",,"N/A",,,,,,"","","",,,
"e543ba87-1359-4285-ab3c-0c0f858f67d4","Oesophages atresia",,"Diagnosis",,"N/A",,,,,,"","","",,,
"d5676821-1195-4fbe-a58d-7499b9dcd783","Cancer, oral cavity",,"Diagnosis",,"N/A",,,,,,"","","",,,
"2b6ac37d-f351-4b9b-b417-570a8196c92f","Cancer, oral cavity, gingivo buccal",,"Diagnosis",,"N/A",,,,,,"","","",,,
"d2c35280-8a58-4bd5-9fb0-4ce69b20fc0e","Cancer, oral cavity, buccal",,"Diagnosis",,"N/A",,,,,,"","","",,,
"93172bb8-4e44-4cb4-a89e-34ef2899374e","Oral lichen planus",,"Diagnosis",,"N/A",,,,,,"","","",,,
"a094ed99-584c-4e01-8c76-ca716ca08174","Osteomyelitis",,"Diagnosis",,"N/A",,,,,,"","","",,,
"9a051070-dee5-431e-b257-17b989058c60","Osteomyositis",,"Diagnosis",,"N/A",,,,,,"","","",,,
"378106c8-728e-4040-9022-c93449c47622","Osteosarcoma",,"Diagnosis",,"N/A",,,,,,"","","",,,
"3358803c-af2b-4deb-95c7-cf755dc8c3ff","Ovarian Cyst",,"Diagnosis",,"N/A",,,,,,"","","",,,
"8bd7a300-c885-4a7f-b4d1-9777d52e1886","Ovarian cyst, left",,"Diagnosis",,"N/A",,,,,,"","","",,,
"1494652c-80c2-4f00-ae88-73777ee23263","Ovarian cyst, right",,"Diagnosis",,"N/A",,,,,,"","","",,,
"1e2037e3-e144-4030-b6b9-d26cbe5cc50e","Overian cyst, twisted",,"Diagnosis",,"N/A",,,,,,"","","",,,
"b1d0c23e-3c7f-494f-8239-8a8be893c114","Paraphimosis",,"Diagnosis",,"N/A",,,,,,"","","",,,
"2893e9b5-a30b-4024-9c84-331a95259613","parotid swelling",,"Diagnosis",,"N/A",,,,,,"","","",,,
"401d5070-dc71-4766-adc8-9e96cfbb6370","Parotid abscess",,"Diagnosis",,"N/A",,,,,,"","","",,,
"56828c08-ac96-49c6-9301-b2950b368c78","parotid abscess, right",,"Diagnosis",,"N/A",,,,,,"","","",,,
"6acf77e6-87a1-4bca-916c-b090566ab1bd","Parotid Absess, left",,"Diagnosis",,"N/A",,,,,,"","","",,,
"486bdaf7-5cd7-4455-94fb-cee50ab622c6","Parotid tumor Left",,"Diagnosis",,"N/A",,,,,,"","","",,,
"e8582af3-0fe1-4c5f-a8d6-c886c68eb8b0","Parotid tumor, right",,"Diagnosis",,"N/A",,,,,,"","","",,,
"b9eafee3-cdad-4095-ac41-3436d79d52c9","Post Burn Contracture (PBC)",,"Diagnosis",,"N/A",,,,,,"","","",,,
"b0fda9e1-26b5-4cc6-a293-24fd36973485","Penile elephantiasis",,"Diagnosis",,"N/A",,,,,,"","","",,,
"ed1db825-0dc5-4d69-a021-a2c403f37acd","Penoscrotal hypospadias",,"Diagnosis",,"N/A",,,,,,"","","",,,
"7985e6bd-390a-46a5-9270-31ff22fb7f03","Perianal abscess",,"Diagnosis",,"N/A",,,,,,"","","",,,
"3f17c21d-365f-46bd-8a1d-98e7b1b9f869","Pericolostomy",,"Diagnosis",,"N/A",,,,,,"","","",,,
"39fda377-1437-42da-afdf-dc33c1335dc7","Perineal abscess",,"Diagnosis",,"N/A",,,,,,"","","",,,
"78efa45f-528d-43ab-929b-cd0fad3e5aee","Perineal hyspospadias",,"Diagnosis",,"N/A",,,,,,"","","",,,
"f88657e8-a2b8-4e88-9417-19ffbf04f9c0","Phimosis",,"Diagnosis",,"N/A",,,,,,"","","",,,
"c502f12a-0d4a-48b4-a717-ef66b9bf8a9e","Pelvic Inflammatory Disease (PID)",,"Diagnosis",,"N/A",,,,,,"","","",,,
"03028499-d2d3-4fda-9534-b49c079ec47d","PID with DUB",,"Diagnosis",,"N/A",,,,,,"","","",,,
"1fdce53d-0f2f-4ccd-b119-307c833c2360","PID fibroid",,"Diagnosis",,"N/A",,,,,,"","","",,,
"ff2cd7b9-fb56-49a4-a1a3-9578c0f4e6fd","PID with Endocervicitis",,"Diagnosis",,"N/A",,,,,,"","","",,,
"a69c3cdd-74c4-497e-958d-69159305c85e","PIH",,"Diagnosis",,"N/A",,,,,,"","","",,,
"8eac2bf9-85d4-4532-a915-a05a675fa6e4","PIH with fetal distress",,"Diagnosis",,"N/A",,,,,,"","","",,,
"41ecd814-628a-4f23-ba2d-ccd79cbf144b","Plural effusion",,"Diagnosis",,"N/A",,,,,,"","","",,,
"43358848-ad62-48c6-a2bb-d14b780c3416","Pneumothorax, right",,"Diagnosis",,"N/A",,,,,,"","","",,,
"b94fd184-3f31-11e4-a1f2-ba526e30a5ad","Pneumothorax, left",,"Diagnosis",,"N/A",,,,,,"","","",,,
"7723b6c2-f052-4a1f-aab3-28679ea3951f","Pneumothorax, bilateral",,"Diagnosis",,"N/A",,,,,,"","","",,,
"176b5e57-1439-4dae-baeb-3e38870a7829","Pneumothorax",,"Diagnosis",,"N/A",,,,,,"","","",,,
"c9820432-90d1-44a4-baf1-c91e2d9dfb8d","Pott's spine with Left psoas abscess",,"Diagnosis",,"N/A",,,,,,"","","",,,
"7a6ba8b6-f4ef-4098-b95a-ba726b7eb1ce","Pourmer's gangrene",,"Diagnosis",,"N/A",,,,,,"","","",,,
"6a101e9e-f0e1-4699-a850-c69f88344c40","Preauricular abscess",,"Diagnosis",,"N/A",,,,,,"","","",,,
"55b38965-2c08-4ba9-b758-dcea9e3c04d1","Preauricular sinus",,"Diagnosis",,"N/A",,,,,,"","","",,,
"256a49a8-2207-47bb-b76a-3dfcb499b9cd","Pre-eclampsia",,"Diagnosis",,"N/A",,,,,,"","","",,,
"6fd90e47-1ba9-472f-be05-e2a90df70444","Prev LSCS with non progressive obstructed labour",,"Diagnosis",,"N/A",,,,,,"","","",,,
"1d88e0b5-3ab2-470c-ba84-14959fd55243","Primi with CPD",,"Diagnosis",,"N/A",,,,,,"","","",,,
"f352d6b4-3a68-4cf4-9c07-5b11c4843964","Procidentia",,"Diagnosis",,"N/A",,,,,,"","","",,,
"bf0a212e-5f9c-4997-ba9e-126ddc380025","PROM",,"Diagnosis",,"N/A",,,,,,"","","",,,
"d8121d47-205f-4011-9e91-4b3e3327ae3e","PROM with CPD",,"Diagnosis",,"N/A",,,,,,"","","",,,
"d68bd0d9-dc3a-4d6a-bc7f-3f7f4fbb5829","Posterior sagittal anorectoplasty (PSARP)",,"Diagnosis",,"N/A",,,,,,"","","",,,
"f0e9691a-6e4f-45c0-8541-9d73b3c6f1c5","Pseudocyst pancrease",,"Diagnosis",,"N/A",,,,,,"","","",,,
"d673df72-3f31-11e4-a1f2-ba526e30a5ad","Psoas abscess",,"Diagnosis",,"N/A",,,,,,"","","",,,
"718eb974-6bce-46bd-b531-55758638d21c","psoas abscess (post lumber)",,"Diagnosis",,"N/A",,,,,,"","","",,,
"0d251ef7-5835-454c-94c7-d6d2979acf7f","Psoas abscess (tubercular)",,"Diagnosis",,"N/A",,,,,,"","","",,,
"0f010fbc-7321-4ecd-af26-d045aee630cf","Psoas abscess, left",,"Diagnosis",,"N/A",,,,,,"","","",,,
"78b9e63f-0d4b-440e-85fd-45d30e6147cc","Psoas abscess, right",,"Diagnosis",,"N/A",,,,,,"","","",,,
"30e13239-72f8-48cf-8bb1-0f98f2910013","PUC",,"Diagnosis",,"N/A",,,,,,"","","",,,
"b0f0450d-215f-4b3b-b96f-9ab2db8d1f1b","PUC appendicular",,"Diagnosis",,"N/A",,,,,,"","","",,,
"84c1466e-3495-4b71-84a6-27b281484619","PUC pouch colon IV with ARM",,"Diagnosis",,"N/A",,,,,,"","","",,,
"3369a06d-887f-4d6a-970a-83e5b689aee9","PUC stricture urethra",,"Diagnosis",,"N/A",,,,,,"","","",,,
"2d91b092-cef4-4fd0-aa4f-27d79dd4c94a","Pelvi-ureteric junction Calculus (PUJ)",,"Diagnosis",,"N/A",,,,,,"","","",,,
"8ac7c9bc-05bd-42bd-843d-c58e9f9806cc","PUJ + mid pole calculus, right",,"Diagnosis",,"N/A",,,,,,"","","",,,
"9d8a2ee6-d9cd-4fda-b4dd-b335c7c5f707","PUJ abstuction, bilateral",,"Diagnosis",,"N/A",,,,,,"","","",,,
"f095bb67-ab95-4a90-8a2b-2a1a9aa4a096","PUJ obstruction",,"Diagnosis",,"N/A",,,,,,"","","",,,
"db4e8e19-1aa6-426b-8bfb-9326b8aa2c7b","PUV with CRF",,"Diagnosis",,"N/A",,,,,,"","","",,,
"d1234e54-f0b8-4778-9d01-a352dd53b618","PUV with UTI",,"Diagnosis",,"N/A",,,,,,"","","",,,
"c5f300e8-6d5c-43dc-9c4c-1864f3a99b38","PUV",,"Diagnosis",,"N/A",,,,,,"","","",,,
"f1e12222-0d43-4db6-bd9a-df318fa9ca16","Pylolithotomy, right",,"Diagnosis",,"N/A",,,,,,"","","",,,
"d4bb8c9f-01a1-4e2f-b1c8-dbbcbf711d97","Pylolithotomy, Left",,"Diagnosis",,"N/A",,,,,,"","","",,,
"cd6b7209-e34b-11e3-983a-91270dcbd3bf","Pyloric stenosis",,"Diagnosis",,"N/A",,,,,,"","","",,,
"6ec0aef7-07d5-4c9a-8f93-543ad612aec7","Pyopneumothorax, right",,"Diagnosis",,"N/A",,,,,,"","","",,,
"02e46077-832e-42ef-8602-65194d364dcc","Pyocele, left",,"Diagnosis",,"N/A",,,,,,"","","",,,
"ef2c1af2-3f31-11e4-a1f2-ba526e30a5ad","pyocele, right",,"Diagnosis",,"N/A",,,,,,"","","",,,
"e2ee9bcf-33c0-42a4-bd7d-bab03ac20efc","Pyomyositis",,"Diagnosis",,"N/A",,,,,,"","","",,,
"0e211a7b-21ba-4fd3-ad86-6e4bfaa4f4fb","Pyonephrosis",,"Diagnosis",,"N/A",,,,,,"","","",,,
"f0e55f19-3f31-11e4-a1f2-ba526e30a5ad","Pyonephrosis, left",,"Diagnosis",,"N/A",,,,,,"","","",,,
"f28b665d-3f31-11e4-a1f2-ba526e30a5ad","Pyonephrosis, right",,"Diagnosis",,"N/A",,,,,,"","","",,,
"8d48ca71-fa57-4f9a-abd7-3be70e118109","Pyopericardium",,"Diagnosis",,"N/A",,,,,,"","","",,,
"77dcb982-d246-416f-8896-db900e97077d","Pyoperitoneum",,"Diagnosis",,"N/A",,,,,,"","","",,,
"56925ec3-f7ee-4be9-b281-c4263e35bedd","Rectal prolapse",,"Diagnosis",,"N/A",,,,,,"","","",,,
"a3923e7e-4603-4c24-9abd-bac2fc0af217","Recto vaginal fistula (RVF)",,"Diagnosis",,"N/A",,,,,,"","","",,,
"e3864c0b-76f1-4251-a549-b78f8cf9aeb6","rectovaginal fistula low (RVF)",,"Diagnosis",,"N/A",,,,,,"","","",,,
"a64bbb0c-17c0-4e99-8cd2-d3fb8676af76","Rectovaginal fistula with pouch colon Type IV (RVF)",,"Diagnosis",,"N/A",,,,,,"","","",,,
"bdf68057-6878-4ea0-961e-799bf94f7391","Renal Calculus",,"Diagnosis",,"N/A",,,,,,"","","",,,
"08eb5719-3f32-11e4-a1f2-ba526e30a5ad","Renal calculus, bilateral",,"Diagnosis",,"N/A",,,,,,"","","",,,
"0f3d6410-3f32-11e4-a1f2-ba526e30a5ad","Renal calculus, right",,"Diagnosis",,"N/A",,,,,,"","","",,,
"0d5da057-3f32-11e4-a1f2-ba526e30a5ad","renal calculus, left",,"Diagnosis",,"N/A",,,,,,"","","",,,
"5555961e-507a-44d3-bfba-51cd872895d9","Rhinosporidiasis",,"Diagnosis",,"N/A",,,,,,"","","",,,
"43cdd1c9-773d-4d54-a87c-3ba59d4ce3c5","Rhinosporidiosis, left",,"Diagnosis",,"N/A",,,,,,"","","",,,
"1cf5db7d-88a5-4aaf-a700-2ee3b9d9c379","Rhinosposidiosis, right",,"Diagnosis",,"N/A",,,,,,"","","",,,
"36668ee3-8e2b-43f9-b7c4-d429429f1490","Road Traffic Accident",,"Diagnosis",,"N/A",,,,,,"","","",,,
"a83f3f6c-ace0-433a-a51b-d46da8a2321f","Ruptured ectopic pregnancy",,"Diagnosis",,"N/A",,,,,,"","","",,,
"91894d7a-c559-4caf-9b83-6d6e379fa550","ruptured empyema GB, suspected",,"Diagnosis",,"N/A",,,,,,"","","",,,
"7b993a33-8727-4dc7-b76e-d8384e61147b","Ruptured LSMMC",,"Diagnosis",,"N/A",,,,,,"","","",,,
"088ae9a9-facc-480f-92c2-e8606e0acbf0","Ruptured MMC",,"Diagnosis",,"N/A",,,,,,"","","",,,
"f25d1adc-b70f-4dca-ae04-47f6007fce25","RVF - ARM",,"Diagnosis",,"N/A",,,,,,"","","",,,
"fa0221ea-3a4f-4b0f-99f0-5b00ed4618da","RVF - ARM Type IV pauch colon with colostomy done",,"Diagnosis",,"N/A",,,,,,"","","",,,
"e58b634e-4a14-4e3e-8e17-a366a9644c22","RVF - H type",,"Diagnosis",,"N/A",,,,,,"","","",,,
"56e2b533-98f1-4d80-b4d9-6b47f67fb244","Salphingo oopherectomy, right",,"Diagnosis",,"N/A",,,,,,"","","",,,
"20b2e358-fe78-429b-9f6d-59270c0a4e0b","Salphingo oopherectomy, left",,"Diagnosis",,"N/A",,,,,,"","","",,,
"0f62750c-09b1-407d-81fe-0c1c1faf9031","salpingo opherectomy, bilateral",,"Diagnosis",,"N/A",,,,,,"","","",,,
"1319884a-53e2-4ad5-b956-5479f98fc24d","Scrotal abscess, left",,"Diagnosis",,"N/A",,,,,,"","","",,,
"4334faf1-b0c5-45ed-989a-afdf3b158747","scrotal abscess, right",,"Diagnosis",,"N/A",,,,,,"","","",,,
"84653cf3-e0ef-4cad-bb90-bc68c77b9541","scrotal abscess",,"Diagnosis",,"N/A",,,,,,"","","",,,
"9ddb324b-51bd-4a13-bff0-05480b3d48b9","Scrotal Hypospadias",,"Diagnosis",,"N/A",,,,,,"","","",,,
"86d335d5-5215-49af-9940-a326802acdeb","Sebacious cyst",,"Diagnosis",,"N/A",,,,,,"","","",,,
"1998884c-39c2-4505-b967-8e9c19e3f805","Septic arthritis",,"Diagnosis",,"N/A",,,,,,"","","",,,
"dbbb2721-bc1f-408c-85a2-dc5e47ae5aea","Severe PET",,"Diagnosis",,"N/A",,,,,,"","","",,,
"3aeb16bc-15d2-4f9c-9d94-5ea1d67e4301","Soft tissue Sarcoma",,"Diagnosis",,"N/A",,,,,,"","","",,,
"fba37c07-ef4f-4a67-879f-2bea4c05ef65","SOJ",,"Diagnosis",,"N/A",,,,,,"","","",,,
"30c1916e-deea-449a-b455-3bb6e213beea","SOJ with Gastric outlet obstruction",,"Diagnosis",,"N/A",,,,,,"","","",,,
"72ecc03e-6c82-4115-845d-4424b1887c52","Supra pubic catheter (SPC)",,"Diagnosis",,"N/A",,,,,,"","","",,,
"b86f1440-e289-478b-838f-cbee85538804","SPC for stricture urethra (SPC)",,"Diagnosis",,"N/A",,,,,,"","","",,,
"4b24a858-de4f-4760-9576-fbe2de38797d","Spider bit",,"Diagnosis",,"N/A",,,,,,"","","",,,
"9406a238-1878-4de8-a788-37c5f95c98a7","staghorn calculus",,"Diagnosis",,"N/A",,,,,,"","","",,,
"5919c81a-c5ba-49c0-8e05-65d9540a60c8","staghorn calculus, left",,"Diagnosis",,"N/A",,,,,,"","","",,,
"47ca81c6-d851-4d90-a70e-f8f1b1f7ce98","staghorn calculus, right",,"Diagnosis",,"N/A",,,,,,"","","",,,
"2df5eadd-ad90-42e9-b5be-754e27adec02","staghorn calculi, bilateral",,"Diagnosis",,"N/A",,,,,,"","","",,,
"7a57cee9-3f32-11e4-a1f2-ba526e30a5ad","Stricture Urethra",,"Diagnosis",,"N/A",,,,,,"","","",,,
"b3778691-3fdf-4c8e-be40-06acaace1494","stricture urethra FUC",,"Diagnosis",,"N/A",,,,,,"","","",,,
"16739274-a770-4722-8e9b-485b6b50226b","Stricture urethra Gramdoma",,"Diagnosis",,"N/A",,,,,,"","","",,,
"489d4550-c38c-4030-92e5-3aabb258eea1","Stricture urethra in retention",,"Diagnosis",,"N/A",,,,,,"","","",,,
"5a46b34d-2a82-46a2-8ec4-5fded35fd219","Sub cutaneons nodule",,"Diagnosis",,"N/A",,,,,,"","","",,,
"5bb80679-5a83-4868-8d34-cdaae2f36153","Subacute appendicitis",,"Diagnosis",,"N/A",,,,,,"","","",,,
"3427f85f-97c5-4c9a-a4b2-3649e8e8d31e","Submandibar absces",,"Diagnosis",,"N/A",,,,,,"","","",,,
"6dc2a732-9a39-4565-9554-f7e8bcbc74a2","Submeatal stenosis",,"Diagnosis",,"N/A",,,,,,"","","",,,
"ff889a09-b56e-4f35-9abe-d3237fefc4ff","Suprabital dermoid",,"Diagnosis",,"N/A",,,,,,"","","",,,
"9cef8031-3edd-4d43-b9e0-0928b28f87e6","Suprapubic abscess",,"Diagnosis",,"N/A",,,,,,"","","",,,
"be9058a0-855d-4b08-a5c5-8100c82801e8","tension pneunothorax, right",,"Diagnosis",,"N/A",,,,,,"","","",,,
"38c8aa76-bcdd-4a84-bd24-b78c19cf7f99","Testicular Cancer",,"Diagnosis",,"N/A",,,,,,"","","",,,
"e4844660-4ddb-42b0-87e4-843a78c74930","Testicular tumor, right",,"Diagnosis",,"N/A",,,,,,"","","",,,
"72de89f5-c72d-4b4f-b370-b803886a8f3e","Thoracic MMC",,"Diagnosis",,"N/A",,,,,,"","","",,,
"00b1ec15-bbbd-4751-8b76-5391d9c7059a","Thyroglossal cyst",,"Diagnosis",,"N/A",,,,,,"","","",,,
"a67b9a7d-d937-4a96-acba-408bd1882ac8","twisted ovarian cyst (dermoid)",,"Diagnosis",,"N/A",,,,,,"","","",,,
"f880102e-a5fb-444a-b101-f1b0283937fb","Twisted ovarian cyst Left",,"Diagnosis",,"N/A",,,,,,"","","",,,
"95e7df9c-5fc3-4de0-95cf-36afb0deb054","Twisted ovarian cyst Right",,"Diagnosis",,"N/A",,,,,,"","","",,,
"5724af3a-99c5-4bf4-9a8c-a13cfffd382a","Twisted ovarian cyst with AD",,"Diagnosis",,"N/A",,,,,,"","","",,,
"e667f934-669d-4e3f-9009-9afeac27adf0","Twisted ovarian cyst with incomplete",,"Diagnosis",,"N/A",,,,,,"","","",,,
"04d02a31-35f1-45df-9fa7-88c68d58b169","Twisted ovrian cyst, suspected",,"Diagnosis",,"N/A",,,,,,"","","",,,
"76dfc41c-c01f-4d8b-88bc-043ed278901f","UDT",,"Diagnosis",,"N/A",,,,,,"","","",,,
"cb36a064-f991-4a86-b85a-7a1ca4be0807","UDT, right",,"Diagnosis",,"N/A",,,,,,"","","",,,
"9056e946-5199-4c3d-b229-c85ff2734b76","Umblical Granuloma",,"Diagnosis",,"N/A",,,,,,"","","",,,
"b3566c47-166d-4265-b4cd-c9891c45e1e9","undescended testes, left",,"Diagnosis",,"N/A",,,,,,"","","",,,
"cdbce563-e34b-11e3-983a-91270dcbd3bf","Undescended testis",,"Diagnosis",,"N/A",,,,,,"","","",,,
"19f8d7b3-8d72-49ba-8942-134ebd2fd08d","Undescended testis, right",,"Diagnosis",,"N/A",,,,,,"","","",,,
"18e321eb-20be-432f-a68a-b0f33e80d6e5","Ureteric calculus",,"Diagnosis",,"N/A",,,,,,"","","",,,
"be1a53c0-3f32-11e4-a1f2-ba526e30a5ad","Ureteric calculus, left",,"Diagnosis",,"N/A",,,,,,"","","",,,
"c013b005-3f32-11e4-a1f2-ba526e30a5ad","Ureteric calculus, right",,"Diagnosis",,"N/A",,,,,,"","","",,,
"a4240ac0-b020-44b0-89a5-518b49f7fadf","Urethral stricture",,"Diagnosis",,"N/A",,,,,,"","","",,,
"c45f7a2b-3f32-11e4-a1f2-ba526e30a5ad","urethroplasty",,"Diagnosis",,"N/A",,,,,,"","","",,,
"ce995756-663f-4396-b570-68e41c5e915f","UV prolapse",,"Diagnosis",,"N/A",,,,,,"","","",,,
"709e0d6e-c2c7-4b3c-9c20-4efa1acddaa2","V P Shunt",,"Diagnosis",,"N/A",,,,,,"","","",,,
"bad4974d-242b-4801-a10d-4a49fa06a03c","Vaginal hydrocele, right",,"Diagnosis",,"N/A",,,,,,"","","",,,
"e725f293-d106-4709-9801-07255fc6a403","Vasectomy Bilateral",,"Diagnosis",,"N/A",,,,,,"","","",,,
"293ab386-4cd7-4256-b225-6c32bc4d0f1d","Vesical calculus",,"Diagnosis",,"N/A",,,,,,"","","",,,
"4deb41a0-3da4-44cb-883a-a2a34f76ef88","Vesical Calculus, Large",,"Diagnosis",,"N/A",,,,,,"","","",,,
"ed04994b-6a86-475e-bba1-75f49bb03039","Vesicovaginal fistula",,"Diagnosis",,"N/A",,,,,,"","","",,,
"7d7d85d7-255d-4b4a-85a3-47888dccdcf7","Vesicular calculus",,"Diagnosis",,"N/A",,,,,,"","","",,,
"33039d05-6564-4fbe-b059-6be55717b176","VUJ calculus, left",,"Diagnosis",,"N/A",,,,,,"","","",,,
"a66b171f-cc88-4fc4-a69c-c155266ef92c","VUJ calculus, right",,"Diagnosis",,"N/A",,,,,,"","","",,,
"bbb9a673-fc3b-4780-b582-13397637014a","VVF",,"Diagnosis",,"N/A",,,,,,"","","",,,
"9245ab88-b681-4e17-958d-338e3798c6bd","VVF + RVF",,"Diagnosis",,"N/A",,,,,,"","","",,,
"f2fee8e6-2f61-44a8-87ec-c8e61c50f15b","VVF +RVF Colostomy closure",,"Diagnosis",,"N/A",,,,,,"","","",,,
"19a10121-28a1-4587-9f26-f43cf8259072","Wilm's tumour",,"Diagnosis",,"N/A",,,,,,"","","",,,
"72e672fd-66db-4ecb-ad66-b0d4ccf7d477","wilm's tumour, left",,"Diagnosis",,"N/A",,,,,,"","","",,,
"32ba3fbe-a674-4d75-8762-01b8f37b73da","wilm's tumour, right",,"Diagnosis",,"N/A",,,,,,"","","",,,
"248e303c-8a97-484d-9d25-cc9ef4fa19dc","WPOL",,"Diagnosis",,"N/A",,,,,,"","","",,,
"170c869e-1254-45d6-ad17-7a70159f0698","Diabetes Mellitus, Type 1",,"Diagnosis",,"N/A",,,,,,"","","",,,
"cca62be6-c229-4051-918d-8b3c1509c54d","Diabetes Mellitus, Type 2",,"Diagnosis",,"N/A",,,,,,"","","",,,
"23d08539-3d03-4668-b10b-08828d61e134","Diabetes Mellitus, Unspecified",,"Diagnosis",,"N/A",,,,,,"","","",,,
"454d055a-3347-4df4-89df-c25a831c7a8d","Diabetes, Ketoacidosis",,"Diagnosis",,"N/A",,,,,,"","","",,,
"5fd01680-8c44-45ee-83cc-db7ea7aaa5f0","Diabetes, Gestational",,"Diagnosis",,"N/A",,,,,,"","","",,,
"458412e3-3f30-11e4-a1f2-ba526e30a5ad","Dysmenorrhea",,"Diagnosis",,"N/A",,,,,,"","","",,,
"374b14b2-3f31-11e4-a1f2-ba526e30a5ad","Malaria",,"Diagnosis",,"N/A",,,,,,"","","",,,
"fe56e104-3f2d-11e4-a1f2-ba526e30a5ad","Acid Peptic Disease",,"Diagnosis",,"N/A",,,,,,"APD","","",,,
"00b2cd94-3f2e-11e4-a1f2-ba526e30a5ad","Acne Conglobata",,"Diagnosis",,"N/A",,,,,,"","","",,,
"02d83e10-3f2e-11e4-a1f2-ba526e30a5ad","Acne Vulgaris",,"Diagnosis",,"N/A",,,,,,"","","",,,
"05e5109f-3f2e-11e4-a1f2-ba526e30a5ad","Acute gastroenteritis",,"Diagnosis",,"N/A",,,,,,"","","",,,
"0774a836-3f2e-11e4-a1f2-ba526e30a5ad","Acute lymphoblastic leukemia (ALL)",,"Diagnosis",,"N/A",,,,,,"","","",,,
"0a4e9d41-3f2e-11e4-a1f2-ba526e30a5ad","Acute Respiratory Infection (ARI)",,"Diagnosis",,"N/A",,,,,,"","","",,,
"3f24c7f1-3f2e-11e4-a1f2-ba526e30a5ad","Adenomycosis",,"Diagnosis",,"N/A",,,,,,"","","",,,
"54ff2969-3f2e-11e4-a1f2-ba526e30a5ad","Alcoholic neuropathy",,"Diagnosis",,"N/A",,,,,,"","","",,,
"8c1ce491-3f2e-11e4-a1f2-ba526e30a5ad","Anaemia",,"Diagnosis",,"N/A",,,,,,"","","",,,
"8da1e7ba-3f2e-11e4-a1f2-ba526e30a5ad","Anaemia, moderate",,"Diagnosis",,"N/A",,,,,,"","","",,,
"8f409a10-3f2e-11e4-a1f2-ba526e30a5ad","Anaemia, Severe, Iron Deficiency",,"Diagnosis",,"N/A",,,,,,"","","",,,
"a8d8040f-3f2e-11e4-a1f2-ba526e30a5ad","ANC with abdominal pain",,"Diagnosis",,"N/A",,,,,,"","","",,,
"aac0a278-3f2e-11e4-a1f2-ba526e30a5ad","ANC with Cephalo Pelvic Disproportion",,"Diagnosis",,"N/A",,,,,,"","","",,,
"ad20144f-3f2e-11e4-a1f2-ba526e30a5ad","ANC with PET",,"Diagnosis",,"N/A",,,,,,"","","",,,
"af1c41d4-3f2e-11e4-a1f2-ba526e30a5ad","ANC with UTI",,"Diagnosis",,"N/A",,,,,,"","","",,,
"b4e80180-3f2e-11e4-a1f2-ba526e30a5ad","Anemia, Severe",,"Diagnosis",,"N/A",,,,,,"","","",,,
"ba98503d-3f2e-11e4-a1f2-ba526e30a5ad","Ante Natal Care (ANC)",,"Diagnosis",,"N/A",,,,,,"","","",,,
"bc9d3553-3f2e-11e4-a1f2-ba526e30a5ad","Anterior Wall Infarction",,"Diagnosis",,"N/A",,,,,,"","","",,,
"be53c11d-3f2e-11e4-a1f2-ba526e30a5ad","Anteroseptal wall MI, Old",,"Diagnosis",,"N/A",,,,,,"","","",,,
"c08776df-3f2e-11e4-a1f2-ba526e30a5ad","Anxiety neurosis",,"Diagnosis",,"N/A",,,,,,"","","",,,
"c22ec107-3f2e-11e4-a1f2-ba526e30a5ad","Anxiety Disorder",,"Diagnosis",,"N/A",,,,,,"","","",,,
"c4e81d37-3f2e-11e4-a1f2-ba526e30a5ad","Aortic regurgitation",,"Diagnosis",,"N/A",,,,,,"","","",,,
"c71825ed-3f2e-11e4-a1f2-ba526e30a5ad","Appendicitis, Acute",,"Diagnosis",,"N/A",,,,,,"","","",,,
"e2643d8b-3f2e-11e4-a1f2-ba526e30a5ad","Artrial Septal Defect, Large",,"Diagnosis",,"N/A",,,,,,"","","",,,
"e7a02285-3f2e-11e4-a1f2-ba526e30a5ad","Avascular Necrosis of Hip, Left",,"Diagnosis",,"N/A",,,,,,"","","",,,
"e9ce3eb4-3f2e-11e4-a1f2-ba526e30a5ad","Avascula Necrosis of Hip, Right",,"Diagnosis",,"N/A",,,,,,"","","",,,
"f0cded88-3f2e-11e4-a1f2-ba526e30a5ad","Benign prostatic hyperplasia",,"Diagnosis",,"N/A",,,,,,"","","",,,
"f9e3747f-3f2e-11e4-a1f2-ba526e30a5ad","Broncheactasis",,"Diagnosis",,"N/A",,,,,,"","","",,,
"4ec058bf-3f2f-11e4-a1f2-ba526e30a5ad","Bronchiectasis, post tuberculosis",,"Diagnosis",,"N/A",,,,,,"","","",,,
"520bf628-3f2f-11e4-a1f2-ba526e30a5ad","Bronchitis Allergic",,"Diagnosis",,"N/A",,,,,,"","","",,,
"53afb2b0-3f2f-11e4-a1f2-ba526e30a5ad","Bronchitis Allergic with eosinophilia",,"Diagnosis",,"N/A",,,,,,"","","",,,
"5c095e99-3f2f-11e4-a1f2-ba526e30a5ad","Candidal Intertrigo",,"Diagnosis",,"N/A",,,,,,"","","",,,
"ce2a60d6-3f2f-11e4-a1f2-ba526e30a5ad","Cerebro vascular acident",,"Diagnosis",,"N/A",,,,,,"","","",,,
"d39502ba-3f2f-11e4-a1f2-ba526e30a5ad","Cervical myelopathy",,"Diagnosis",,"N/A",,,,,,"","","",,,
"d719df6e-3f2f-11e4-a1f2-ba526e30a5ad","Cervical Spondilitis",,"Diagnosis",,"N/A",,,,,,"","","",,,
"dd0c98fd-3f2f-11e4-a1f2-ba526e30a5ad","Chronic Alcoholism",,"Diagnosis",,"N/A",,,,,,"","","",,,
"de83e441-3f2f-11e4-a1f2-ba526e30a5ad","Chronic Cervicitis",,"Diagnosis",,"N/A",,,,,,"","","",,,
"e0f917b5-3f2f-11e4-a1f2-ba526e30a5ad","Chronic Liver Disease",,"Diagnosis",,"N/A",,,,,,"","","",,,
"e2dd6509-3f2f-11e4-a1f2-ba526e30a5ad","Chronic Myeloid Leukaemia(CML)",,"Diagnosis",,"N/A",,,,,,"","","",,,
"e543e2be-3f2f-11e4-a1f2-ba526e30a5ad","Chronic Renal Insufficiency",,"Diagnosis",,"N/A",,,,,,"","","",,,
"e6fd30cb-3f2f-11e4-a1f2-ba526e30a5ad","Chronic Sialadenitis",,"Diagnosis",,"N/A",,,,,,"","","",,,
"eb094309-3f2f-11e4-a1f2-ba526e30a5ad","Compression Fracture, L2",,"Diagnosis",,"N/A",,,,,,"","","",,,
"eca284fd-3f2f-11e4-a1f2-ba526e30a5ad","Compressive Myelopathy, L2",,"Diagnosis",,"N/A",,,,,,"","","",,,
"f10e448e-3f2f-11e4-a1f2-ba526e30a5ad","Congestive Heart Failure (CHF)",,"Diagnosis",,"N/A",,,,,,"","","",,,
"f92420af-3f2f-11e4-a1f2-ba526e30a5ad","Cor Pulmonale",,"Diagnosis",,"N/A",,,,,,"","","",,,
"fd471869-3f2f-11e4-a1f2-ba526e30a5ad","Coronary artery disease",,"Diagnosis",,"N/A",,,,,,"","","",,,
"fefcc9bd-3f2f-11e4-a1f2-ba526e30a5ad","Crohn's disease NOS",,"Diagnosis",,"N/A",,,,,,"","","",,,
"0217c091-3f30-11e4-a1f2-ba526e30a5ad","Cushing syndrome",,"Diagnosis",,"N/A",,,,,,"","","",,,
"0424e700-3f30-11e4-a1f2-ba526e30a5ad","Cyanotic heart disease, congenital",,"Diagnosis",,"N/A",,,,,,"","","",,,
"06b3bdb0-3f30-11e4-a1f2-ba526e30a5ad","Cystitis, Chronic",,"Diagnosis",,"N/A",,,,,,"","","",,,
"0888779d-3f30-11e4-a1f2-ba526e30a5ad","Cystocele",,"Diagnosis",,"N/A",,,,,,"","","",,,
"0b3251ca-3f30-11e4-a1f2-ba526e30a5ad","Deep Vein Thrombosis",,"Diagnosis",,"N/A",,,,,,"","","",,,
"0cdcf618-3f30-11e4-a1f2-ba526e30a5ad","Deformities, post Hansens",,"Diagnosis",,"N/A",,,,,,"","","",,,
"163baf3e-3f30-11e4-a1f2-ba526e30a5ad","Dermatosis",,"Diagnosis",,"N/A",,,,,,"","","",,,
"32ef6e78-3f30-11e4-a1f2-ba526e30a5ad","Diarrhea",,"Diagnosis",,"N/A",,,,,,"","","",,,
"34550177-3f30-11e4-a1f2-ba526e30a5ad","Dilated cardiomyopathy",,"Diagnosis",,"N/A",,,,,,"","","",,,
"39dfb161-3f30-11e4-a1f2-ba526e30a5ad","Down's syndrome",,"Diagnosis",,"N/A",,,,,,"","","",,,
"3c90e09f-3f30-11e4-a1f2-ba526e30a5ad","Drug rash",,"Diagnosis",,"N/A",,,,,,"","","",,,
"3e58cfb5-3f30-11e4-a1f2-ba526e30a5ad","Duodenal stenosis with malrotation",,"Diagnosis",,"N/A",,,,,,"","","",,,
"4037b4db-3f30-11e4-a1f2-ba526e30a5ad","duodenal ulcer",,"Diagnosis",,"N/A",,,,,,"","","",,,
"41b38d52-3f30-11e4-a1f2-ba526e30a5ad","Dysesthesia, right calf",,"Diagnosis",,"N/A",,,,,,"","","",,,
"4bb51ad7-3f30-11e4-a1f2-ba526e30a5ad","Emaciation, post tuberculosis",,"Diagnosis",,"N/A",,,,,,"","","",,,
"518d46ad-3f30-11e4-a1f2-ba526e30a5ad","Enteric fever",,"Diagnosis",,"N/A",,,,,,"","","",,,
"58097cb9-3f30-11e4-a1f2-ba526e30a5ad","Epilepsy, GTCS",,"Diagnosis",,"N/A",,,,,,"","","",,,
"5bc71d23-3f30-11e4-a1f2-ba526e30a5ad","Erythema nodosum",,"Diagnosis",,"N/A",,,,,,"","","",,,
"5e6eab50-3f30-11e4-a1f2-ba526e30a5ad","Essential tremor",,"Diagnosis",,"N/A",,,,,,"","","",,,
"6073197a-3f30-11e4-a1f2-ba526e30a5ad","Euthyroid Goitre",,"Diagnosis",,"N/A",,,,,,"","","",,,
"6427a232-3f30-11e4-a1f2-ba526e30a5ad","Extra Pulmonary Tuberculosis",,"Diagnosis",,"N/A",,,,,,"","","",,,
"65e0e7df-3f30-11e4-a1f2-ba526e30a5ad","Extra Pulmonary Tuberculosis, Hip Joint",,"Diagnosis",,"N/A",,,,,,"","","",,,
"67ecae75-3f30-11e4-a1f2-ba526e30a5ad","Extra Pulmonary Tuberculosis, Hip Joint, Left",,"Diagnosis",,"N/A",,,,,,"","","",,,
"6a5d4061-3f30-11e4-a1f2-ba526e30a5ad","Extra Pulmonary Tuberculosis, Hip Joint, Right",,"Diagnosis",,"N/A",,,,,,"","","",,,
"6c933350-3f30-11e4-a1f2-ba526e30a5ad","Extra Pulmonary Tuberculosis, Laryngeal",,"Diagnosis",,"N/A",,,,,,"","","",,,
"6e6c135d-3f30-11e4-a1f2-ba526e30a5ad","Extra Pulmonary Tuberculosis, pleural",,"Diagnosis",,"N/A",,,,,,"","","",,,
"7044f95f-3f30-11e4-a1f2-ba526e30a5ad","Extra Pulmonary Tuberculosis, urinary bladder",,"Diagnosis",,"N/A",,,,,,"","","",,,
"723f9fbe-3f30-11e4-a1f2-ba526e30a5ad","Extra Pumonary Tuberculosis, Intestinal",,"Diagnosis",,"N/A",,,,,,"","","",,,
"74358e30-3f30-11e4-a1f2-ba526e30a5ad","Extrapulmonary Tuberculosis",,"Diagnosis",,"N/A",,,,,,"","","",,,
"76d850ff-3f30-11e4-a1f2-ba526e30a5ad","Familial tremurs",,"Diagnosis",,"N/A",,,,,,"","","",,,
"7d0bdd96-3f30-11e4-a1f2-ba526e30a5ad","Fibrosis Lung, left",,"Diagnosis",,"N/A",,,,,,"","","",,,
"7ec7318a-3f30-11e4-a1f2-ba526e30a5ad","Fibrothorax",,"Diagnosis",,"N/A",,,,,,"","","",,,
"801f1576-3f30-11e4-a1f2-ba526e30a5ad","Fibrous dysplasia",,"Diagnosis",,"N/A",,,,,,"","","",,,
"843a008c-3f30-11e4-a1f2-ba526e30a5ad","Fissure in ano, deep",,"Diagnosis",,"N/A",,,,,,"","","",,,
"87e6090c-3f30-11e4-a1f2-ba526e30a5ad","Folliculitis",,"Diagnosis",,"N/A",,,,,,"","","",,,
"9820ebb2-3f30-11e4-a1f2-ba526e30a5ad","Fungal infection",,"Diagnosis",,"N/A",,,,,,"","","",,,
"9ce8dc51-3f30-11e4-a1f2-ba526e30a5ad","Gastritis",,"Diagnosis",,"N/A",,,,,,"","","",,,
"9e78e815-3f30-11e4-a1f2-ba526e30a5ad","Gastritis with Anxiety Neurosis",,"Diagnosis",,"N/A",,,,,,"","","",,,
"a071e328-3f30-11e4-a1f2-ba526e30a5ad","Gastritis with Moderate Anemia",,"Diagnosis",,"N/A",,,,,,"","","",,,
"a24c9e5c-3f30-11e4-a1f2-ba526e30a5ad","Gastroenteritis",,"Diagnosis",,"N/A",,,,,,"","","",,,
"a4233773-3f30-11e4-a1f2-ba526e30a5ad","Gastroesophageal reflux disorder",,"Diagnosis",,"N/A",,,,,,"","","",,,
"a8126cd3-3f30-11e4-a1f2-ba526e30a5ad","Gilbert Syndrom",,"Diagnosis",,"N/A",,,,,,"","","",,,
"ad459493-3f30-11e4-a1f2-ba526e30a5ad","Goiter, multi nodular",,"Diagnosis",,"N/A",,,,,,"","","",,,
"af229a19-3f30-11e4-a1f2-ba526e30a5ad","Goitre euthyroid",,"Diagnosis",,"N/A",,,,,,"","","",,,
"b0d246bf-3f30-11e4-a1f2-ba526e30a5ad","Goitre simple colloid, euthyroid",,"Diagnosis",,"N/A",,,,,,"","","",,,
"b4e029db-3f30-11e4-a1f2-ba526e30a5ad","Hansen's disease",,"Diagnosis",,"N/A",,,,,,"","","",,,
"b65b98e9-3f30-11e4-a1f2-ba526e30a5ad","HARM",,"Diagnosis",,"N/A",,,,,,"","","",,,
"b7de5843-3f30-11e4-a1f2-ba526e30a5ad","HARM Male",,"Diagnosis",,"N/A",,,,,,"","","",,,
"b96201e3-3f30-11e4-a1f2-ba526e30a5ad","Hashimoto's thyroiditis",,"Diagnosis",,"N/A",,,,,,"","","",,,
"bd21fc65-3f30-11e4-a1f2-ba526e30a5ad","Heart block",,"Diagnosis",,"N/A",,,,,,"","","",,,
"c6209f32-3f30-11e4-a1f2-ba526e30a5ad","Hensen's disease",,"Diagnosis",,"N/A",,,,,,"","","",,,
"c7a11349-3f30-11e4-a1f2-ba526e30a5ad","Hepatitis Alcoholic",,"Diagnosis",,"N/A",,,,,,"","","",,,
"c95896d7-3f30-11e4-a1f2-ba526e30a5ad","Hepatitis alcoholic with neuropathy",,"Diagnosis",,"N/A",,,,,,"","","",,,
"cb4ad1d3-3f30-11e4-a1f2-ba526e30a5ad","Hepatitis Granular",,"Diagnosis",,"N/A",,,,,,"","","",,,
"d4ed54c8-3f30-11e4-a1f2-ba526e30a5ad","Hydrocephalus, Congenital",,"Diagnosis",,"N/A",,,,,,"","","",,,
"d6596b6b-3f30-11e4-a1f2-ba526e30a5ad","Hyper thyroidism",,"Diagnosis",,"N/A",,,,,,"","","",,,
"dcdd2668-3f30-11e4-a1f2-ba526e30a5ad","Hypertension with renal failure",,"Diagnosis",,"N/A",,,,,,"","","",,,
"dfaf48cd-3f30-11e4-a1f2-ba526e30a5ad","Hypertension, secondary",,"Diagnosis",,"N/A",,,,,,"","","",,,
"e1a88f9b-3f30-11e4-a1f2-ba526e30a5ad","Hypertension, Systemic Arterial",,"Diagnosis",,"N/A",,,,,,"","","",,,
"e3fb81ad-3f30-11e4-a1f2-ba526e30a5ad","Hypertensive nephropathy",,"Diagnosis",,"N/A",,,,,,"","","",,,
"e82bc44b-3f30-11e4-a1f2-ba526e30a5ad","Hypo thyroidism",,"Diagnosis",,"N/A",,,,,,"","","",,,
"edb51b9b-3f30-11e4-a1f2-ba526e30a5ad","Hypospadias proximal",,"Diagnosis",,"N/A",,,,,,"","","",,,
"ef39b406-3f30-11e4-a1f2-ba526e30a5ad","Hypospadias with chordee and meatal stenosis",,"Diagnosis",,"N/A",,,,,,"","","",,,
"f32a6c3e-3f30-11e4-a1f2-ba526e30a5ad","IHD",,"Diagnosis",,"N/A",,,,,,"","","",,,
"f48d6116-3f30-11e4-a1f2-ba526e30a5ad","Immunodeficiency syndrom",,"Diagnosis",,"N/A",,,,,,"","","",,,
"f888f7ff-3f30-11e4-a1f2-ba526e30a5ad","Inferior wall ischemia",,"Diagnosis",,"N/A",,,,,,"","","",,,
"fb4da88e-3f30-11e4-a1f2-ba526e30a5ad","Infertility, Primary",,"Diagnosis",,"N/A",,,,,,"","","",,,
"fcdb2f38-3f30-11e4-a1f2-ba526e30a5ad","Infertility, Secondary",,"Diagnosis",,"N/A",,,,,,"","","",,,
"028ea77a-3f31-11e4-a1f2-ba526e30a5ad","Inguinal Hernia, right",,"Diagnosis",,"N/A",,,,,,"","","",,,
"05841295-3f31-11e4-a1f2-ba526e30a5ad","Intersticial Lung Disease (ILD)",,"Diagnosis",,"N/A",,,,,,"","","",,,
"0915c9c1-3f31-11e4-a1f2-ba526e30a5ad","Irritable bowl syndrom",,"Diagnosis",,"N/A",,,,,,"","","",,,
"0ad2e8ca-3f31-11e4-a1f2-ba526e30a5ad","Ischemic Heart Disease",,"Diagnosis",,"N/A",,,,,,"","","",,,
"0cdf704d-3f31-11e4-a1f2-ba526e30a5ad","Ischemic Heart Disease with Congestive Heart Failure",,"Diagnosis",,"N/A",,,,,,"","","",,,
"1186fd27-3f31-11e4-a1f2-ba526e30a5ad","Keloids",,"Diagnosis",,"N/A",,,,,,"","","",,,
"1301974c-3f31-11e4-a1f2-ba526e30a5ad","Klippel Trenaunay syndrome",,"Diagnosis",,"N/A",,,,,,"","","",,,
"15910b78-3f31-11e4-a1f2-ba526e30a5ad","lactational amenorrhoea",,"Diagnosis",,"N/A",,,,,,"","","",,,
"179f118d-3f31-11e4-a1f2-ba526e30a5ad","Lepromatous Leprosy",,"Diagnosis",,"N/A",,,,,,"","","",,,
"1a81ce9d-3f31-11e4-a1f2-ba526e30a5ad","Leprosy BB",,"Diagnosis",,"N/A",,,,,,"","","",,,
"1c0e226d-3f31-11e4-a1f2-ba526e30a5ad","Leprosy BT",,"Diagnosis",,"N/A",,,,,,"","","",,,
"1d8d4fc7-3f31-11e4-a1f2-ba526e30a5ad","Leprosy BT(MB)",,"Diagnosis",,"N/A",,,,,,"","","",,,
"1f174b25-3f31-11e4-a1f2-ba526e30a5ad","Leprosy with ENL",,"Diagnosis",,"N/A",,,,,,"","","",,,
"237cb842-3f31-11e4-a1f2-ba526e30a5ad","Lipoma, abdominal, parietal",,"Diagnosis",,"N/A",,,,,,"","","",,,
"253cdff2-3f31-11e4-a1f2-ba526e30a5ad","Liver metastases",,"Diagnosis",,"N/A",,,,,,"","","",,,
"27dd1fa1-3f31-11e4-a1f2-ba526e30a5ad","Lung Fibrosis, post tuberculosis",,"Diagnosis",,"N/A",,,,,,"","","",,,
"29dcf281-3f31-11e4-a1f2-ba526e30a5ad","Lung PNET, Left",,"Diagnosis",,"N/A",,,,,,"","","",,,
"2b8d1179-3f31-11e4-a1f2-ba526e30a5ad","Lung PNET, Right",,"Diagnosis",,"N/A",,,,,,"","","",,,
"2e284a5c-3f31-11e4-a1f2-ba526e30a5ad","LV dysfunction",,"Diagnosis",,"N/A",,,,,,"","","",,,
"2fb939c8-3f31-11e4-a1f2-ba526e30a5ad","LV dysfunction, Severe",,"Diagnosis",,"N/A",,,,,,"","","",,,
"354c02a9-3f31-11e4-a1f2-ba526e30a5ad","Maduramycosis",,"Diagnosis",,"N/A",,,,,,"","","",,,
"39a0adfd-3f31-11e4-a1f2-ba526e30a5ad","Malignant Melanoma",,"Diagnosis",,"N/A",,,,,,"","","",,,
"3b6f0f0b-3f31-11e4-a1f2-ba526e30a5ad","Malunion, left tibia",,"Diagnosis",,"N/A",,,,,,"","","",,,
"42f6c53f-3f31-11e4-a1f2-ba526e30a5ad","menopausal syndrome",,"Diagnosis",,"N/A",,,,,,"","","",,,
"44988473-3f31-11e4-a1f2-ba526e30a5ad","Menorrhagia",,"Diagnosis",,"N/A",,,,,,"","","",,,
"48bb3248-3f31-11e4-a1f2-ba526e30a5ad","Miliary Tuberculosis",,"Diagnosis",,"N/A",,,,,,"","","",,,
"4a6fe4a3-3f31-11e4-a1f2-ba526e30a5ad","Mitral regurgitation",,"Diagnosis",,"N/A",,,,,,"","","",,,
"4ddf4c72-3f31-11e4-a1f2-ba526e30a5ad","Molluscum contagiosum",,"Diagnosis",,"N/A",,,,,,"","","",,,
"51498af1-3f31-11e4-a1f2-ba526e30a5ad","Multiple corns, left foot",,"Diagnosis",,"N/A",,,,,,"","","",,,
"5480fde4-3f31-11e4-a1f2-ba526e30a5ad","Musculoskeletal disorder",,"Diagnosis",,"N/A",,,,,,"","","",,,
"563a43b3-3f31-11e4-a1f2-ba526e30a5ad","Myalgia",,"Diagnosis",,"N/A",,,,,,"","","",,,
"592a41bf-3f31-11e4-a1f2-ba526e30a5ad","Myesthenia gravis",,"Diagnosis",,"N/A",,,,,,"","","",,,
"5cf7fd98-3f31-11e4-a1f2-ba526e30a5ad","Myositis",,"Diagnosis",,"N/A",,,,,,"","","",,,
"5eecd6b7-3f31-11e4-a1f2-ba526e30a5ad","Necrotising fascitis, Left lower leg",,"Diagnosis",,"N/A",,,,,,"","","",,,
"64410104-3f31-11e4-a1f2-ba526e30a5ad","Nephrotic syndrome, steroid dependent",,"Diagnosis",,"N/A",,,,,,"","","",,,
"66b37007-3f31-11e4-a1f2-ba526e30a5ad","Neurocysticercosis",,"Diagnosis",,"N/A",,,,,,"","","",,,
"68143e26-3f31-11e4-a1f2-ba526e30a5ad","Neurogenic bladder",,"Diagnosis",,"N/A",,,,,,"","","",,,
"69a20018-3f31-11e4-a1f2-ba526e30a5ad","Neuropathic ulcer left foot, plantar",,"Diagnosis",,"N/A",,,,,,"","","",,,
"6c4e9ca8-3f31-11e4-a1f2-ba526e30a5ad","Non healing ulcer, left foot",,"Diagnosis",,"N/A",,,,,,"","","",,,
"787e401a-3f31-11e4-a1f2-ba526e30a5ad","Osteoarthritis, both knee",,"Diagnosis",,"N/A",,,,,,"","","",,,
"7a28e13c-3f31-11e4-a1f2-ba526e30a5ad","Osteoarthritis, early",,"Diagnosis",,"N/A",,,,,,"","","",,,
"7ba9c859-3f31-11e4-a1f2-ba526e30a5ad","Osteoarthritis, left knee",,"Diagnosis",,"N/A",,,,,,"","","",,,
"7d613c18-3f31-11e4-a1f2-ba526e30a5ad","Osteoarthritis, right knee",,"Diagnosis",,"N/A",,,,,,"","","",,,
"8424e888-3f31-11e4-a1f2-ba526e30a5ad","Ovarian Lump, malignant",,"Diagnosis",,"N/A",,,,,,"","","",,,
"85e1647a-3f31-11e4-a1f2-ba526e30a5ad","Ovarian tumor",,"Diagnosis",,"N/A",,,,,,"","","",,,
"88f0fd67-3f31-11e4-a1f2-ba526e30a5ad","Pain in abdomen",,"Diagnosis",,"N/A",,,,,,"","","",,,
"8b609dfd-3f31-11e4-a1f2-ba526e30a5ad","Palmar keratosis",,"Diagnosis",,"N/A",,,,,,"","","",,,
"8d314820-3f31-11e4-a1f2-ba526e30a5ad","Pancreatic secondaries",,"Diagnosis",,"N/A",,,,,,"","","",,,
"9308f362-3f31-11e4-a1f2-ba526e30a5ad","Papillary carcinoma thyroid -follicular variant",,"Diagnosis",,"N/A",,,,,,"","","",,,
"9c3cc412-3f31-11e4-a1f2-ba526e30a5ad","Parkinsons disease",,"Diagnosis",,"N/A",,,,,,"","","",,,
"a2a95452-3f31-11e4-a1f2-ba526e30a5ad","Pelvic Inflamatory Disease (PID)",,"Diagnosis",,"N/A",,,,,,"","","",,,
"a55d3d61-3f31-11e4-a1f2-ba526e30a5ad","Pemphigus",,"Diagnosis",,"N/A",,,,,,"","","",,,
"a9f84a9d-3f31-11e4-a1f2-ba526e30a5ad","Peripheral neuritis",,"Diagnosis",,"N/A",,,,,,"","","",,,
"abbdf59e-3f31-11e4-a1f2-ba526e30a5ad","Peripheral neuropathy",,"Diagnosis",,"N/A",,,,,,"","","",,,
"b038e764-3f31-11e4-a1f2-ba526e30a5ad","Pharyngitis",,"Diagnosis",,"N/A",,,,,,"","","",,,
"b748d189-3f31-11e4-a1f2-ba526e30a5ad","Pneumonia, right middle lobe",,"Diagnosis",,"N/A",,,,,,"","","",,,
"bb9f63b8-3f31-11e4-a1f2-ba526e30a5ad","Polymenorrhea",,"Diagnosis",,"N/A",,,,,,"","","",,,
"bf2c854b-3f31-11e4-a1f2-ba526e30a5ad","Post menopausal syndrome",,"Diagnosis",,"N/A",,,,,,"","","",,,
"c2e3639b-3f31-11e4-a1f2-ba526e30a5ad","Potts spine",,"Diagnosis",,"N/A",,,,,,"","","",,,
"c46cfa66-3f31-11e4-a1f2-ba526e30a5ad","pregnancy induced hypertension",,"Diagnosis",,"N/A",,,,,,"","","",,,
"caef20ab-3f31-11e4-a1f2-ba526e30a5ad","Primary amenorrhea",,"Diagnosis",,"N/A",,,,,,"","","",,,
"cc977750-3f31-11e4-a1f2-ba526e30a5ad","Primigravida with PET",,"Diagnosis",,"N/A",,,,,,"","","",,,
"ce51a265-3f31-11e4-a1f2-ba526e30a5ad","prolapse uterus",,"Diagnosis",,"N/A",,,,,,"","","",,,
"d14f6745-3f31-11e4-a1f2-ba526e30a5ad","protracted anaphylaxis",,"Diagnosis",,"N/A",,,,,,"","","",,,
"d4ac62b1-3f31-11e4-a1f2-ba526e30a5ad","Pseudo bulbar palsy",,"Diagnosis",,"N/A",,,,,,"","","",,,
"d82e33de-3f31-11e4-a1f2-ba526e30a5ad","Psoriasis",,"Diagnosis",,"N/A",,,,,,"","","",,,
"d98ee96e-3f31-11e4-a1f2-ba526e30a5ad","Psoriasis, erythematous",,"Diagnosis",,"N/A",,,,,,"","","",,,
"db3f7ddd-3f31-11e4-a1f2-ba526e30a5ad","Psoriasis, extensive",,"Diagnosis",,"N/A",,,,,,"","","",,,
"e0d5a21f-3f31-11e4-a1f2-ba526e30a5ad","Pulmonary Hypertension",,"Diagnosis",,"N/A",,,,,,"","","",,,
"e2e6e211-3f31-11e4-a1f2-ba526e30a5ad","Pulmonary Oedema, Post LSCS",,"Diagnosis",,"N/A",,,,,,"","","",,,
"e518fd5f-3f31-11e4-a1f2-ba526e30a5ad","Pulmonary Tuberculosis",,"Diagnosis",,"N/A",,,,,,"","","",,,
"e6b9b60f-3f31-11e4-a1f2-ba526e30a5ad","Pulmonary Tuberculosis, Bilateral Extensive",,"Diagnosis",,"N/A",,,,,,"","","",,,
"e8e97243-3f31-11e4-a1f2-ba526e30a5ad","Pulmonary tuberculosis, Old",,"Diagnosis",,"N/A",,,,,,"","","",,,
"ec0984ee-3f31-11e4-a1f2-ba526e30a5ad","Pyocele, bilateral",,"Diagnosis",,"N/A",,,,,,"","","",,,
"edaf5fbc-3f31-11e4-a1f2-ba526e30a5ad","Pyocele, light",,"Diagnosis",,"N/A",,,,,,"","","",,,
"f4225b51-3f31-11e4-a1f2-ba526e30a5ad","Pyrexia of Unknown Origin",,"Diagnosis",,"N/A",,,,,,"","","",,,
"f5fe862b-3f31-11e4-a1f2-ba526e30a5ad","Radiculoneuropathy",,"Diagnosis",,"N/A",,,,,,"","","",,,
"f849718b-3f31-11e4-a1f2-ba526e30a5ad","Reactive airway disease",,"Diagnosis",,"N/A",,,,,,"","","",,,
"fc0465f9-3f31-11e4-a1f2-ba526e30a5ad","Recto vaginal Fistula",,"Diagnosis",,"N/A",,,,,,"","","",,,
"fece5052-3f31-11e4-a1f2-ba526e30a5ad","Recurrent Appendicitis",,"Diagnosis",,"N/A",,,,,,"","","",,,
"005623f0-3f32-11e4-a1f2-ba526e30a5ad","Recurrent fever",,"Diagnosis",,"N/A",,,,,,"","","",,,
"01d4bdb1-3f32-11e4-a1f2-ba526e30a5ad","Recurrent pericardial effusion",,"Diagnosis",,"N/A",,,,,,"","","",,,
"059182a7-3f32-11e4-a1f2-ba526e30a5ad","Renal calculi staghorn bilateral",,"Diagnosis",,"N/A",,,,,,"","","",,,
"0b5fe786-3f32-11e4-a1f2-ba526e30a5ad","Renal Calculus, horseshoe",,"Diagnosis",,"N/A",,,,,,"","","",,,
"1299eb8f-3f32-11e4-a1f2-ba526e30a5ad","Renal Failure, Acute",,"Diagnosis",,"N/A",,,,,,"","","",,,
"14649d8e-3f32-11e4-a1f2-ba526e30a5ad","Renal Failure, Chronic",,"Diagnosis",,"N/A",,,,,,"","","",,,
"1734092a-3f32-11e4-a1f2-ba526e30a5ad","Reproductive Tract Infection",,"Diagnosis",,"N/A",,,,,,"","","",,,
"1a25d511-3f32-11e4-a1f2-ba526e30a5ad","Respiratory infection, Acute",,"Diagnosis",,"N/A",,,,,,"","","",,,
"1c949c6f-3f32-11e4-a1f2-ba526e30a5ad","Respiratory Tract Infection",,"Diagnosis",,"N/A",,,,,,"","","",,,
"20d0c2bc-3f32-11e4-a1f2-ba526e30a5ad","Rhematoid arthritis",,"Diagnosis",,"N/A",,,,,,"","","",,,
"238091c4-3f32-11e4-a1f2-ba526e30a5ad","Rheumatic Fever, Acute",,"Diagnosis",,"N/A",,,,,,"","","",,,
"2543ef57-3f32-11e4-a1f2-ba526e30a5ad","Rheumatic Heart Disease (RHD)",,"Diagnosis",,"N/A",,,,,,"","","",,,
"28c9bb9d-3f32-11e4-a1f2-ba526e30a5ad","Rheumatoid arthritis not JRA",,"Diagnosis",,"N/A",,,,,,"","","",,,
"2aa14308-3f32-11e4-a1f2-ba526e30a5ad","Rheumatoid Arthritis, Juvenile, Polyarticular (Polyarticular JRA)",,"Diagnosis",,"N/A",,,,,,"","","",,,
"2d184139-3f32-11e4-a1f2-ba526e30a5ad","Rheumatoid Arthritis, non seropositive",,"Diagnosis",,"N/A",,,,,,"","","",,,
"2f26bf8c-3f32-11e4-a1f2-ba526e30a5ad","Rheumatoid arthritis, Old",,"Diagnosis",,"N/A",,,,,,"","","",,,
"3224c742-3f32-11e4-a1f2-ba526e30a5ad","Rickets",,"Diagnosis",,"N/A",,,,,,"","","",,,
"34295dcf-3f32-11e4-a1f2-ba526e30a5ad","Right Ventricular Failure",,"Diagnosis",,"N/A",,,,,,"","","",,,
"3633c4f3-3f32-11e4-a1f2-ba526e30a5ad","Ring Worm Infestation",,"Diagnosis",,"N/A",,,,,,"","","",,,
"3991adb4-3f32-11e4-a1f2-ba526e30a5ad","Scanty menses",,"Diagnosis",,"N/A",,,,,,"","","",,,
"3d37293b-3f32-11e4-a1f2-ba526e30a5ad","Sciatica",,"Diagnosis",,"N/A",,,,,,"","","",,,
"3f1364c6-3f32-11e4-a1f2-ba526e30a5ad","Sciatica, Left",,"Diagnosis",,"N/A",,,,,,"","","",,,
"40b5ecb9-3f32-11e4-a1f2-ba526e30a5ad","Sciatica, Right",,"Diagnosis",,"N/A",,,,,,"","","",,,
"443997f7-3f32-11e4-a1f2-ba526e30a5ad","Seizure disorder",,"Diagnosis",,"N/A",,,,,,"","","",,,
"462abc87-3f32-11e4-a1f2-ba526e30a5ad","Seizure disorder, post encephalitis",,"Diagnosis",,"N/A",,,,,,"","","",,,
"481ed20c-3f32-11e4-a1f2-ba526e30a5ad","Seizures, myoclonic",,"Diagnosis",,"N/A",,,,,,"","","",,,
"49d7287c-3f32-11e4-a1f2-ba526e30a5ad","Sentinel Piles",,"Diagnosis",,"N/A",,,,,,"","","",,,
"4dbe7280-3f32-11e4-a1f2-ba526e30a5ad","Severe Gastritis",,"Diagnosis",,"N/A",,,,,,"","","",,,
"4f798a2e-3f32-11e4-a1f2-ba526e30a5ad","Severe hypokalemia",,"Diagnosis",,"N/A",,,,,,"","","",,,
"519b4e30-3f32-11e4-a1f2-ba526e30a5ad","Sickle cell disease",,"Diagnosis",,"N/A",,,,,,"","","",,,
"543aa2a1-3f32-11e4-a1f2-ba526e30a5ad","Sickle, beta thalessemia",,"Diagnosis",,"N/A",,,,,,"","","",,,
"5f0a8ddd-3f32-11e4-a1f2-ba526e30a5ad","Soft tissue infection",,"Diagnosis",,"N/A",,,,,,"","","",,,
"617c500f-3f32-11e4-a1f2-ba526e30a5ad","Soft tissue infection, Neck",,"Diagnosis",,"N/A",,,,,,"","","",,,
"63a56611-3f32-11e4-a1f2-ba526e30a5ad","Somatoform disorder",,"Diagnosis",,"N/A",,,,,,"","","",,,
"65fdb5fb-3f32-11e4-a1f2-ba526e30a5ad","Somatotropin disorder",,"Diagnosis",,"N/A",,,,,,"","","",,,
"68d895a5-3f32-11e4-a1f2-ba526e30a5ad","Spleenomegaly, Tropical",,"Diagnosis",,"N/A",,,,,,"","","",,,
"6acb1c8b-3f32-11e4-a1f2-ba526e30a5ad","Spondyloarthritis",,"Diagnosis",,"N/A",,,,,,"","","",,,
"6ce435c5-3f32-11e4-a1f2-ba526e30a5ad","Spondylosis, Cervical",,"Diagnosis",,"N/A",,,,,,"","","",,,
"6eda6033-3f32-11e4-a1f2-ba526e30a5ad","Sprain, Right Ankle",,"Diagnosis",,"N/A",,,,,,"","","",,,
"731c1be2-3f32-11e4-a1f2-ba526e30a5ad","Status vesicostomy",,"Diagnosis",,"N/A",,,,,,"","","",,,
"7c0cae58-3f32-11e4-a1f2-ba526e30a5ad","Stricture Urethra, distal",,"Diagnosis",,"N/A",,,,,,"","","",,,
"7eb6cc54-3f32-11e4-a1f2-ba526e30a5ad","Stricture Urethra, proximal",,"Diagnosis",,"N/A",,,,,,"","","",,,
"898c8599-3f32-11e4-a1f2-ba526e30a5ad","Syringomyelia",,"Diagnosis",,"N/A",,,,,,"","","",,,
"8b4cac4d-3f32-11e4-a1f2-ba526e30a5ad","Systemic Lupus Erythematosus",,"Diagnosis",,"N/A",,,,,,"","","",,,
"8d40ca12-3f32-11e4-a1f2-ba526e30a5ad","Systemic Lupus Erythematosus (SLE)",,"Diagnosis",,"N/A",,,,,,"","","",,,
"8fb1c7c7-3f32-11e4-a1f2-ba526e30a5ad","Systemic Sclerosis, Limited",,"Diagnosis",,"N/A",,,,,,"","","",,,
"92ba62ab-3f32-11e4-a1f2-ba526e30a5ad","Tetrology of Fallots (TOF)",,"Diagnosis",,"N/A",,,,,,"","","",,,
"96e27cbe-3f32-11e4-a1f2-ba526e30a5ad","Thyroglosal sinus",,"Diagnosis",,"N/A",,,,,,"","","",,,
"99a31c28-3f32-11e4-a1f2-ba526e30a5ad","Thyroid goitre",,"Diagnosis",,"N/A",,,,,,"","","",,,
"9be850f2-3f32-11e4-a1f2-ba526e30a5ad","Thyrotoxicosis",,"Diagnosis",,"N/A",,,,,,"","","",,,
"9d4b4fee-3f32-11e4-a1f2-ba526e30a5ad","Tinea corporis",,"Diagnosis",,"N/A",,,,,,"","","",,,
"9ed77d95-3f32-11e4-a1f2-ba526e30a5ad","Tinea cruris",,"Diagnosis",,"N/A",,,,,,"","","",,,
"a10b4844-3f32-11e4-a1f2-ba526e30a5ad","Tinea unguium",,"Diagnosis",,"N/A",,,,,,"","","",,,
"a515de2a-3f32-11e4-a1f2-ba526e30a5ad","Toxic nodular goiter (graves disease)",,"Diagnosis",,"N/A",,,,,,"","","",,,
"a77a2e9f-3f32-11e4-a1f2-ba526e30a5ad","Tremurs",,"Diagnosis",,"N/A",,,,,,"","","",,,
"a99008ce-3f32-11e4-a1f2-ba526e30a5ad","Tricuspid regurgitation",,"Diagnosis",,"N/A",,,,,,"","","",,,
"abb23cfc-3f32-11e4-a1f2-ba526e30a5ad","Tropical eosinophilia",,"Diagnosis",,"N/A",,,,,,"","","",,,
"ad5583a6-3f32-11e4-a1f2-ba526e30a5ad","Tubercular meningitis",,"Diagnosis",,"N/A",,,,,,"","","",,,
"af640867-3f32-11e4-a1f2-ba526e30a5ad","Tuberculosis, disseminated",,"Diagnosis",,"N/A",,,,,,"","","",,,
"b668ded3-3f32-11e4-a1f2-ba526e30a5ad","Undernutrition, Severe",,"Diagnosis",,"N/A",,,,,,"","","",,,
"b9233d4d-3f32-11e4-a1f2-ba526e30a5ad","Upper Gastro Intestinal Bleed",,"Diagnosis",,"N/A",,,,,,"","","",,,
"bc2231ee-3f32-11e4-a1f2-ba526e30a5ad","Upper Respiratory Tract Infection",,"Diagnosis",,"N/A",,,,,,"","","",,,
"c1d2eb38-3f32-11e4-a1f2-ba526e30a5ad","Urethral stenosis",,"Diagnosis",,"N/A",,,,,,"","","",,,
"c67d1cb4-3f32-11e4-a1f2-ba526e30a5ad","Urinary Tract Infection",,"Diagnosis",,"N/A",,,,,,"","","",,,
"cd59aef1-3f32-11e4-a1f2-ba526e30a5ad","Ventral Hernia",,"Diagnosis",,"N/A",,,,,,"","","",,,
"cf06e58c-3f32-11e4-a1f2-ba526e30a5ad","Ventricular Septal Defect, Large",,"Diagnosis",,"N/A",,,,,,"","","",,,
"d62ec628-3f32-11e4-a1f2-ba526e30a5ad","Vesical calculi, stricture post urethra-shaft",,"Diagnosis",,"N/A",,,,,,"","","",,,
"db7f67d5-3f32-11e4-a1f2-ba526e30a5ad","Vesico vaginal fistula (VVF)",,"Diagnosis",,"N/A",,,,,,"","","",,,
"dfcc1272-3f32-11e4-a1f2-ba526e30a5ad","Vesico vaginal fistula, Recurrent",,"Diagnosis",,"N/A",,,,,,"","","",,,
"eacf98a3-3f32-11e4-a1f2-ba526e30a5ad","Vitamin B deficiency",,"Diagnosis",,"N/A",,,,,,"","","",,,
"f4313454-3f32-11e4-a1f2-ba526e30a5ad","Wax in ear",,"Diagnosis",,"N/A",,,,,,"","","",,,
"f9a9b957-3f32-11e4-a1f2-ba526e30a5ad","Wilson's disease",,"Diagnosis",,"N/A",,,,,,"","","",,,
"fce25dc1-3f32-11e4-a1f2-ba526e30a5ad","Worm infestation",,"Diagnosis",,"N/A",,,,,,"","","",,,
"dd7cce0c-398e-4331-af43-f3c8d0df4c23","Abortion, Septic",,"Diagnosis",,"N/A",,,,,,"","","",,,
"c663aea2-163f-4ecb-97ca-37f6f252e0b2","ANC with Eclampsia",,"Diagnosis",,"N/A",,,,,,"","","",,,
"bea8cd1c-d49c-4419-af01-d6e4f0cb927b","ANC with RH-",,"Diagnosis",,"N/A",,,,,,"","","",,,
"9cbdacb4-95cf-43b7-a4a5-704a1c08d660","ANC with Sickle cell disease",,"Diagnosis",,"N/A",,,,,,"","","",,,
"188f63f6-f3e7-4f6d-971d-1be81e90d0b5","ANC with Anaemia",,"Diagnosis",,"N/A",,,,,,"ANC with Anemia","","",,,
"ab7f2be9-5003-4697-af21-2e641e1a578d","ANC with twins",,"Diagnosis",,"N/A",,,,,,"","","",,,
"b000d916-9ac0-4ca1-a946-afe728f84959","ANC with placenta previa",,"Diagnosis",,"N/A",,,,,,"","","",,,
