"uuid","name","description","class","shortname","datatype","units","High Normal","Low Normal","Allow Decimal","locale","synonym.1","answer.1","reference-term-source","reference-term-code","reference-term-relationship"
"1cef35bb-c792-4249-98bd-a92b1df6b5b1","Ayurvedic",,"Misc",,"N/A",,,,,,"","",,,
"3d290abb-e633-4a72-b86c-c3397479f201","Spray",,"Misc",,"N/A",,,,,,"","",,,
"af5b6109-4f7a-472c-bfae-ca1b00a5d7c5","Solution",,"Misc",,"N/A",,,,,,"","",,,
"5dd0dfdf-47d6-449e-86f7-ed19a52fae09","Powder",,"Misc",,"N/A",,,,,,"","",,,
"dde64e58-e00f-4cf7-8daa-71f65ca7772b","Ointment",,"Misc",,"N/A",,,,,,"","",,,
"37742f06-cbfe-4130-9459-704e4345884f","Lotion",,"Misc",,"N/A",,,,,,"","",,,
"c6c64bc2-1228-4c9e-988b-a2ddeebbd49f","Liquid",,"Misc",,"N/A",,,,,,"","",,,
"d54d5a45-54e1-4c80-8a47-8309c373ee07","Jelly",,"Misc",,"N/A",,,,,,"","",,,
"91d0df98-3d0c-404f-9dc0-7c299d1e5a21","Drops",,"Misc",,"N/A",,,,,,"","",,,
"35e0684a-285e-40d2-8f68-6f4f11e69f02","Cream",,"Misc",,"N/A",,,,,,"","",,,
"eb9ea49c-d77e-486a-bace-c792fc029f6f","Granule",,"Misc",,"N/A",,,,,,"","",,,
"a8306b7c-bb6e-4abe-b993-7a4d0854ed48","Gel",,"Misc",,"N/A",,,,,,"","",,,
"fed337be-5c72-49d4-bb35-fa610eb8307e","Inhaler",,"Misc",,"N/A",,,,,,"","",,,
"dcaf558e-369e-4bf5-b18b-09bd5c987a2f","Injection",,"Misc",,"N/A",,,,,,"","",,,
"411ef51e-2c80-4fe1-a5ef-dba2edc648a6","Pessary",,"Misc",,"N/A",,,,,,"","",,,
"5108a8a7-037c-4ab2-8ca2-149a843dda8a","Syrup",,"Misc",,"N/A",,,,,,"","",,,
"0234b981-836f-400b-b91f-e8599d13ea2b","Food Supplement",,"Misc",,"N/A",,,,,,"","",,,
"e2b80de6-a30b-4ec3-869a-a22265717a71","Tablet(s)",,"Misc",,"N/A",,,,,,"","",,,
"e2b80de6-a30b-4ec3-869a-a22265717a71","Tablet(s)",,"Misc",,"N/A",,,,,,"","",,,
"53854ae7-1c1f-45d8-90fd-5a53ce463ba7","Capsule(s)",,"Misc",,"N/A",,,,,,"","",,,
"53854ae7-1c1f-45d8-90fd-5a53ce463ba7","Capsule(s)",,"Misc",,"N/A",,,,,,"","",,,
"8c4469ab-2dfc-11e4-894f-60175255b68f","ml",,"Misc","ml","N/A",,,,,,"","",,,
"8c4572fa-2dfc-11e4-894f-60175255b68f","mg",,"Misc","mg","N/A",,,,,,"","",,,
"5eefd932-603e-11e4-a1f2-ba526e30a5ad","IU",,"Misc","","N/A",,,,,,"","",,,
"5ef053b6-603e-11e4-a1f2-ba526e30a5ad","Unit(s)",,"Misc","unit(s)","N/A",,,,,,"","",,,
"cb3a525b-8e00-40f2-b159-8835f657d212","ml (syrup)",,"Misc","ml","N/A",,,,,,"","",,,
