"uuid","name","description","class","shortname","datatype","units","High Normal","Low Normal","Allow Decimal","locale","synonym.1","answer.1","reference-term-source","reference-term-code","reference-term-relationship","reference-term-source","reference-term-code","reference-term-relationship"
"39d085f3-9bcd-11e3-927e-8840ab96f0f1","Chest, 1 view (X-ray)",,"Radiology","chest, 1 view (x-ray)","Text",,,,,,"","",,,,,,
"3b40c0bb-9bcd-11e3-927e-8840ab96f0f1","WHOLE SPINE AP",,"Radiology","WHOLE SPINE AP","Text",,,,,,"","","PACS Procedure Code","FCR020D-0000","SAME-AS",,,
"3c1d1787-9bcd-11e3-927e-8840ab96f0f1","PELVIS",,"Radiology","PELVIS","Text",,,,,,"","","PACS Procedure Code","FCR0500-0009","SAME-AS",,,
"3cd85931-9bcd-11e3-927e-8840ab96f0f1","ABDOMEN, SUPINE",,"Radiology","ABDOMEN, SUPINE","Text",,,,,,"","","PACS Procedure Code","FCR0420-0000","SAME-AS",,,
"3e94ef16-9bcd-11e3-927e-8840ab96f0f1","KNEE LT AP",,"Radiology","KNEE LT AP","Text",,,,,,"","","PACS Procedure Code","FCR0700-0004","SAME-AS",,,
"3f43730d-9bcd-11e3-927e-8840ab96f0f1","KNEE LT LAT",,"Radiology","KNEE LT LAT","Text",,,,,,"","","PACS Procedure Code","FCR0700-0005","SAME-AS",,,
"3ffc23d7-9bcd-11e3-927e-8840ab96f0f1","Chest, 2 views (X-ray)",,"Radiology","chest, 2 views (x-ray)","Text",,,,,,"","",,,,,,
"40ed0d78-9bcd-11e3-927e-8840ab96f0f1","Hip - Left, 2 views (X-ray)",,"Radiology","hip - left, 2 views (x-ray)","Text",,,,,,"","",,,,,,
"41e84b71-9bcd-11e3-927e-8840ab96f0f1","Hand - Left, 2 views (X-ray)",,"Radiology","hand - left, 2 views (x-ray)","Text",,,,,,"","",,,,,,
"42a9f416-9bcd-11e3-927e-8840ab96f0f1","Hip - Right, 2 views (X-ray)",,"Radiology","hip - right, 2 views (x-ray)","Text",,,,,,"","",,,,,,
"444a8fd6-9bcd-11e3-927e-8840ab96f0f1","LOWER RIB RT",,"Radiology","LOWER RIB RT","Text",,,,,,"","","PACS Procedure Code","FCR0203-0000","SAME-AS",,,
"4542bfa1-9bcd-11e3-927e-8840ab96f0f1","FOOT RT AP",,"Radiology","FOOT RT AP","Text",,,,,,"","","PACS Procedure Code","FCR0716-0000","SAME-AS",,,
"45eb0680-9bcd-11e3-927e-8840ab96f0f1","FEMUR RT AP",,"Radiology","FEMUR RT AP","Text",,,,,,"","","PACS Procedure Code","FCR7700-0000","SAME-AS",,,
"46a68f3c-9bcd-11e3-927e-8840ab96f0f1","LOWER RIB LT",,"Radiology","LOWER RIB LT","Text",,,,,,"","","PACS Procedure Code","FCR0203-0003","SAME-AS",,,
"4742f7f4-9bcd-11e3-927e-8840ab96f0f1","FOOT RT OBLIQUE",,"Radiology","FOOT RT OBLIQUE","Text",,,,,,"","","PACS Procedure Code","FCR0716-0003","SAME-AS",,,
"4838addd-9bcd-11e3-927e-8840ab96f0f1","Elbow - Left, 2 views (X-ray)",,"Radiology","elbow - left, 2 views (x-ray)","Text",,,,,,"","",,,,,,
"48e86a65-9bcd-11e3-927e-8840ab96f0f1","Hand - Right, 2 views (X-ray)",,"Radiology","hand - right, 2 views (x-ray)","Text",,,,,,"","",,,,,,
"497da202-9bcd-11e3-927e-8840ab96f0f1","Wrist - Left, 2 views (X-ray)",,"Radiology","wrist - left, 2 views (x-ray)","Text",,,,,,"","",,,,,,
"4ab32770-9bcd-11e3-927e-8840ab96f0f1","Elbow - Right, 2 views (X-ray)",,"Radiology","elbow - right, 2 views (x-ray)","Text",,,,,,"","",,,,,,
"4b5f141f-9bcd-11e3-927e-8840ab96f0f1","Wrist - Right, 2 views (X-ray)",,"Radiology","wrist - right, 2 views (x-ray)","Text",,,,,,"","",,,,,,
"4c138ffe-9bcd-11e3-927e-8840ab96f0f1","FEMUR RT LAT",,"Radiology","FEMUR RT LAT","Text",,,,,,"","","PACS Procedure Code","FCR7700-0004","SAME-AS",,,
"4ca04729-9bcd-11e3-927e-8840ab96f0f1","Forearm - Left, 2 views (X-ray)",,"Radiology","forearm - left, 2 views (x-ray)","Text",,,,,,"","",,,,,,
"4d316d5d-9bcd-11e3-927e-8840ab96f0f1","Humerus - Left, 2 views (X-ray)",,"Radiology","humerus - left, 2 views (x-ray)","Text",,,,,,"","",,,,,,
"4e936696-9bcd-11e3-927e-8840ab96f0f1","LUMBAR SPINE AP",,"Radiology","LUMBAR SPINE AP","Text",,,,,,"","","PACS Procedure Code","FCR0501-0000","SAME-AS",,,
"4f4fe3d7-9bcd-11e3-927e-8840ab96f0f1","Forearm - Right, 2 views (X-ray)",,"Radiology","forearm - right, 2 views (x-ray)","Text",,,,,,"","",,,,,,
"5029e407-9bcd-11e3-927e-8840ab96f0f1","CLAVICLE RT AP",,"Radiology","CLAVICLE RT AP","Text",,,,,,"","","PACS Procedure Code","FCR0204-0000","SAME-AS",,,
"50c403a8-9bcd-11e3-927e-8840ab96f0f1","Humerus - Right, 2 views (X-ray)",,"Radiology","humerus - right, 2 views (x-ray)","Text",,,,,,"","",,,,,,
"5240c777-9bcd-11e3-927e-8840ab96f0f1","SHOULDER LT AP",,"Radiology","SHOULDER LT AP","Text",,,,,,"","","PACS Procedure Code","FCR020B-0003","SAME-AS",,,
"52d88ecc-9bcd-11e3-927e-8840ab96f0f1","SHOULDER LT LAT",,"Radiology","SHOULDER LT LAT","Text",,,,,,"","","PACS Procedure Code","FCR721D-0001","SAME-AS",,,
"5375370b-9bcd-11e3-927e-8840ab96f0f1","LOWER LEG WITH KNEE LT LAT",,"Radiology","LOWER LEG WITH KNEE LT LAT","Text",,,,,,"","","PACS Procedure Code","FCR0701-0002","SAME-AS",,,
"5431b18b-9bcd-11e3-927e-8840ab96f0f1","FEMUR LT AP",,"Radiology","FEMUR LT AP","Text",,,,,,"","","PACS Procedure Code","FCR7700-0003","SAME-AS",,,
"54cf9e30-9bcd-11e3-927e-8840ab96f0f1","Thoracic spine, 2 views (X-ray)",,"Radiology","thoracic spine, 2 views (x-ray)","Text",,,,,,"","",,,,,,
"55635bcf-9bcd-11e3-927e-8840ab96f0f1","CLAVICLE RT LAT",,"Radiology","CLAVICLE RT LAT","Text",,,,,,"","","PACS Procedure Code","FCR0204-0002","SAME-AS",,,
"56017b9f-9bcd-11e3-927e-8840ab96f0f1","LOWER LEG WITH KNEE RT LAT",,"Radiology","LOWER LEG WITH KNEE RT LAT","Text",,,,,,"","","PACS Procedure Code","FCR0701-0001","SAME-AS",,,
"56b652c8-9bcd-11e3-927e-8840ab96f0f1","Calcaneus - Right, 2 views (X-ray)",,"Radiology","calcaneus - right, 2 views (x-ray)","Text",,,,,,"","",,,,,,
"578afd70-9bcd-11e3-927e-8840ab96f0f1","Cervical spine, 2 or 3 views (X-ray)",,"Radiology","cervical spine, 2 or 3 views (x-ray)","Text",,,,,,"","",,,,,,
"582b7fc3-9bcd-11e3-927e-8840ab96f0f1","THORACO LUMBAR AP",,"Radiology","THORACO LUMBAR AP","Text",,,,,,"","","PACS Procedure Code","FCR0521-0000","SAME-AS",,,
"59f2c239-9bcd-11e3-927e-8840ab96f0f1","Sinuses, 3 views (X-ray)",,"Radiology","sinuses, 3 views (x-ray)","Text",,,,,,"","",,,,,,
"5a6631dc-9bcd-11e3-927e-8840ab96f0f1","Facial bones, 3 views (X-ray)",,"Radiology","facial bones, 3 views (x-ray)","Text",,,,,,"","",,,,,,
"5be0761c-9bcd-11e3-927e-8840ab96f0f1","Skull, 4 views (X-ray)",,"Radiology","skull, 4 views (x-ray)","Text",,,,,,"","",,,,,,
"5c6b751f-9bcd-11e3-927e-8840ab96f0f1","Chest, 4 views (X-ray)",,"Radiology","chest, 4 views (x-ray)","Text",,,,,,"","",,,,,,
"5ce33731-9bcd-11e3-927e-8840ab96f0f1","Mandible panorex (X-ray)",,"Radiology","mandible panorex (x-ray)","Text",,,,,,"","",,,,,,
"5d491afe-9bcd-11e3-927e-8840ab96f0f1","Chest lordotic (X-ray)",,"Radiology","chest lordotic (x-ray)","Text",,,,,,"","",,,,,,
"5db7ec07-9bcd-11e3-927e-8840ab96f0f1","Chest oblique - Bilateral (X-ray)",,"Radiology","chest oblique - bilateral (x-ray)","Text",,,,,,"","",,,,,,
"5e76ff3f-9bcd-11e3-927e-8840ab96f0f1","Kidney retrograde pyelogram (X-ray) ",,"Radiology","kidney retrograde pyelogram (x-ray) ","Text",,,,,,"","",,,,,,
"5f048cc4-9bcd-11e3-927e-8840ab96f0f1","Acromioclavicular joints - Bilateral (X-ray)",,"Radiology","acromioclavicular joints - bilateral (x-ray)","Text",,,,,,"","",,,,,,
"5f9478ac-9bcd-11e3-927e-8840ab96f0f1","ABDOMEN, ERECT",,"Radiology","ABDOMEN, ERECT","Text",,,,,,"","","PACS Procedure Code","FCR0410-0000","SAME-AS",,,
"602d5163-9bcd-11e3-927e-8840ab96f0f1","FOOT LT OBLIQUE",,"Radiology","FOOT LT OBLIQUE","Text",,,,,,"","","PACS Procedure Code","FCR0716-0005","SAME-AS",,,
"615c67e0-9bcd-11e3-927e-8840ab96f0f1","Ankle - Right, 3 views (X-ray)",,"Radiology","ankle - right, 3 views (x-ray)","Text",,,,,,"","",,,,,,
"6313f243-9bcd-11e3-927e-8840ab96f0f1","NECK LAT",,"Radiology","NECK LAT","Text",,,,,,"","","PACS Procedure Code","FCR0102-0000","SAME-AS",,,
"6390c2c3-9bcd-11e3-927e-8840ab96f0f1","Temporomandibular joint, bilateral (XRay)",,"Radiology","temporomandibular joint, bilateral (xray)","Text",,,,,,"","",,,,,,
"641471f0-9bcd-11e3-927e-8840ab96f0f1","Skull, 2 views (X-ray)",,"Radiology","skull, 2 views (x-ray)","Text",,,,,,"","",,,,,,
"6a0ce36b-9bcd-11e3-927e-8840ab96f0f1","ARM Clavicle AP",,"Radiology","arm clavicle ap","Text",,,,,,"","",,,,,,
"6b0420db-9bcd-11e3-927e-8840ab96f0f1","ARM Scapula AP",,"Radiology","arm scapula ap","Text",,,,,,"","",,,,,,
"6b76c51f-9bcd-11e3-927e-8840ab96f0f1","ARM Scapula Lateral",,"Radiology","arm scapula lateral","Text",,,,,,"","",,,,,,
"6bfc8538-9bcd-11e3-927e-8840ab96f0f1","ARM Shoulder AP",,"Radiology","arm shoulder ap","Text",,,,,,"","",,,,,,
"6c7c8125-9bcd-11e3-927e-8840ab96f0f1","ARM Shoulder Axial",,"Radiology","arm shoulder axial","Text",,,,,,"","",,,,,,
"6ced2919-9bcd-11e3-927e-8840ab96f0f1","ARM Humerus AP",,"Radiology","arm humerus ap","Text",,,,,,"","",,,,,,
"6d5ac441-9bcd-11e3-927e-8840ab96f0f1","ARM Humerus Lateral",,"Radiology","arm humerus lateral","Text",,,,,,"","",,,,,,
"6dcada6a-9bcd-11e3-927e-8840ab96f0f1","ARM Elbow AP",,"Radiology","arm elbow ap","Text",,,,,,"","",,,,,,
"6e2804de-9bcd-11e3-927e-8840ab96f0f1","ARM Elbow Lateral",,"Radiology","arm elbow lateral","Text",,,,,,"","",,,,,,
"6f41701e-9bcd-11e3-927e-8840ab96f0f1","ARM Forearm AP",,"Radiology","arm forearm ap","Text",,,,,,"","",,,,,,
"6fc5e547-9bcd-11e3-927e-8840ab96f0f1","ARM Forearm Lateral",,"Radiology","arm forearm lateral","Text",,,,,,"","",,,,,,
"704f6ebb-9bcd-11e3-927e-8840ab96f0f1","ARM Wrist PA",,"Radiology","arm wrist pa","Text",,,,,,"","",,,,,,
"70c86c42-9bcd-11e3-927e-8840ab96f0f1","ARM Wrist AP",,"Radiology","arm wrist ap","Text",,,,,,"","",,,,,,
"7128240d-9bcd-11e3-927e-8840ab96f0f1","ARM Wrist Lateral",,"Radiology","arm wrist lateral","Text",,,,,,"","",,,,,,
"71aa0ab8-9bcd-11e3-927e-8840ab96f0f1","ARM Scaphoid",,"Radiology","arm scaphoid","Text",,,,,,"","",,,,,,
"72258f4d-9bcd-11e3-927e-8840ab96f0f1","ARM Hand AP",,"Radiology","arm hand ap","Text",,,,,,"","",,,,,,
"729831ca-9bcd-11e3-927e-8840ab96f0f1","ARM Hand oblique",,"Radiology","arm hand oblique","Text",,,,,,"","",,,,,,
"72ff5eb9-9bcd-11e3-927e-8840ab96f0f1","ARM Finger lateral",,"Radiology","arm finger lateral","Text",,,,,,"","",,,,,,
"736ba58d-9bcd-11e3-927e-8840ab96f0f1","LEG Pelvis",,"Radiology","leg pelvis","Text",,,,,,"","",,,,,,
"748f7a75-9bcd-11e3-927e-8840ab96f0f1","HIP RT LAT",,"Radiology","HIP RT LAT","Text",,,,,,"","","PACS Procedure Code","FCR0508-0001","SAME-AS",,,
"759ec70d-9bcd-11e3-927e-8840ab96f0f1","HIP LT LAT",,"Radiology","HIP LT LAT","Text",,,,,,"","","PACS Procedure Code","FCR0508-0002","SAME-AS",,,
"761a570b-9bcd-11e3-927e-8840ab96f0f1","LOWER LEG RT AP",,"Radiology","LOWER LEG RT AP","Text",,,,,,"","","PACS Procedure Code","FCR0700-0008","SAME-AS",,,
"76775e86-9bcd-11e3-927e-8840ab96f0f1","LOWER LEG RT LAT",,"Radiology","LOWER LEG RT LAT","Text",,,,,,"","","PACS Procedure Code","FCR0700-0009","SAME-AS",,,
"76eb43b5-9bcd-11e3-927e-8840ab96f0f1","LOWER LEG LT AP",,"Radiology","LOWER LEG LT AP","Text",,,,,,"","","PACS Procedure Code","FCR0700-0010","SAME-AS",,,
"7765b42c-9bcd-11e3-927e-8840ab96f0f1","LOWER LEG LT LAT",,"Radiology","LOWER LEG LT LAT","Text",,,,,,"","","PACS Procedure Code","FCR0700-0011","SAME-AS",,,
"77c16eb1-9bcd-11e3-927e-8840ab96f0f1","LOWER LEG WITH KNEE RT AP",,"Radiology","LOWER LEG WITH KNEE RT AP","Text",,,,,,"","","PACS Procedure Code","FCR0701-0000","SAME-AS",,,
"785013ed-9bcd-11e3-927e-8840ab96f0f1","LOWER LEG WITH KNEE LT AP",,"Radiology","LOWER LEG WITH KNEE LT AP","Text",,,,,,"","","PACS Procedure Code","FCR0701-0003","SAME-AS",,,
"78d86510-9bcd-11e3-927e-8840ab96f0f1","FOOT LT AP",,"Radiology","FOOT LT AP","Text",,,,,,"","","PACS Procedure Code","FCR0716-0004","SAME-AS",,,
"794ed858-9bcd-11e3-927e-8840ab96f0f1","KNEE RT AP",,"Radiology","KNEE RT AP","Text",,,,,,"","","PACS Procedure Code","FCR0700-0000","SAME-AS",,,
"79d5d201-9bcd-11e3-927e-8840ab96f0f1","KNEE RT LAT",,"Radiology","KNEE RT LAT","Text",,,,,,"","","PACS Procedure Code","FCR0700-0003","SAME-AS",,,
"7a56a0e4-9bcd-11e3-927e-8840ab96f0f1","HIP BILATERAL AP",,"Radiology","HIP BILATERAL AP","Text",,,,,,"","","PACS Procedure Code","FCR0508-0000","SAME-AS",,,
"7abf1642-9bcd-11e3-927e-8840ab96f0f1","CHEST PA",,"Radiology","CHEST PA","Text",,,,,,"","","PACS Procedure Code","FCR0200-0001","SAME-AS",,,
"7b23b304-9bcd-11e3-927e-8840ab96f0f1","CHEST Lateral",,"Radiology","chest lateral","Text",,,,,,"","",,,,,,
"7c1469f9-9bcd-11e3-927e-8840ab96f0f1","CHEST AP",,"Radiology","CHEST AP","Text",,,,,,"","","PACS Procedure Code","FCR0200-0002","SAME-AS",,,
"7c767cf0-9bcd-11e3-927e-8840ab96f0f1","CHEST apical lordotic",,"Radiology","chest apical lordotic","Text",,,,,,"","",,,,,,
"7cf5d8a3-9bcd-11e3-927e-8840ab96f0f1","ABDOMEN,GENERAL",,"Radiology","ABDOMEN,GENERAL","Text",,,,,,"","","PACS Procedure Code","FCR0400-0000","SAME-AS",,,
"7d6391f5-9bcd-11e3-927e-8840ab96f0f1","ABDOMEN PA/AP Standing",,"Radiology","ABDOMEN PA/AP Standing","Text",,,,,,"","",,,,,,
"7ddddc3c-9bcd-11e3-927e-8840ab96f0f1","ABDOMEN LATERAL DECUBITUS",,"Radiology","ABDOMEN LATERAL DECUBITUS","Text",,,,,,"","","PACS Procedure Code","FCR0400-0001","SAME-AS",,,
"7e45085b-9bcd-11e3-927e-8840ab96f0f1","ABDOMEN Supine Urography",,"Radiology","ABDOMEN Supine Urography","Text",,,,,,"","",,,,,,
"7f6108fe-9bcd-11e3-927e-8840ab96f0f1","ABDOMEN Urinary Bladder",,"Radiology","ABDOMEN Urinary Bladder","Text",,,,,,"","",,,,,,
"8096abf9-9bcd-11e3-927e-8840ab96f0f1","HEAD Skull PA",,"Radiology","HEAD Skull PA","Text",,,,,,"","",,,,,,
"8102f44c-9bcd-11e3-927e-8840ab96f0f1","HEAD Skull AP",,"Radiology","HEAD Skull AP","Text",,,,,,"","","PACS Procedure Code","FCR0000-0004","SAME-AS",,,
"816f397c-9bcd-11e3-927e-8840ab96f0f1","TOWNE",,"Radiology","TOWNE","Text",,,,,,"","","PACS Procedure Code","FCR0000-0001","SAME-AS",,,
"81eebc29-9bcd-11e3-927e-8840ab96f0f1","SKULL LAT",,"Radiology","SKULL LAT","Text",,,,,,"","","PACS Procedure Code","FCR700F-0000","SAME-AS",,,
"8268d895-9bcd-11e3-927e-8840ab96f0f1","HEAD Sinus And Face Lateral",,"Radiology","HEAD Sinus And Face Lateral","N/A",,,,,,"","","PACS Procedure Code","FCR003B-0001","SAME-AS",,,
"82fca80c-9bcd-11e3-927e-8840ab96f0f1","NASAL BONE LAT",,"Radiology","NASAL BONE LAT","Text",,,,,,"","","PACS Procedure Code","FCR001E-0000","SAME-AS",,,
"840c1d83-9bcd-11e3-927e-8840ab96f0f1","MANDIBLE AP",,"Radiology","MANDIBLE AP","Text",,,,,,"","","PACS Procedure Code","FCR0002-0000","SAME-AS",,,
"848a31ba-9bcd-11e3-927e-8840ab96f0f1","MANDIBLE PA",,"Radiology","MANDIBLE PA","Text",,,,,,"","","PACS Procedure Code","FCR0002-0001","SAME-AS",,,
"850ea225-9bcd-11e3-927e-8840ab96f0f1","MANDIBLE LAT",,"Radiology","MANDIBLE LAT","Text",,,,,,"","","PACS Procedure Code","FCR0002-0002","SAME-AS",,,
"857d7c77-9bcd-11e3-927e-8840ab96f0f1","CERVICAL SPINE AP",,"Radiology","CERVICAL SPINE AP","Text",,,,,,"","","PACS Procedure Code","FCR0107-0000","SAME-AS",,,
"85e4a8b6-9bcd-11e3-927e-8840ab96f0f1","CERVICAL SPINE LAT",,"Radiology","CERVICAL SPINE LAT","Text",,,,,,"","","PACS Procedure Code","FCR0107-0002","SAME-AS",,,
"8646c237-9bcd-11e3-927e-8840ab96f0f1","THORACIC SPINE AP",,"Radiology","THORACIC SPINE AP","Text",,,,,,"","","PACS Procedure Code","FCR0201-0000","SAME-AS",,,
"86af655f-9bcd-11e3-927e-8840ab96f0f1","THORACIC SPINE LAT",,"Radiology","THORACIC SPINE LAT","Text",,,,,,"","","PACS Procedure Code","FCR0209-0000","SAME-AS",,,
"872af3ec-9bcd-11e3-927e-8840ab96f0f1","THORACO LUMBAR LAT",,"Radiology","THORACO LUMBAR LAT","Text",,,,,,"","","PACS Procedure Code","FCR751C-0000","SAME-AS",,,
"8795f69d-9bcd-11e3-927e-8840ab96f0f1","LUMBO SACRAL LAT",,"Radiology","LUMBO SACRAL LAT","Text",,,,,,"","","PACS Procedure Code","FCR750C-0003","SAME-AS",,,
"885a2c8e-9bcd-11e3-927e-8840ab96f0f1","BARIUM SWALLOW AP",,"Radiology","BARIUM SWALLOW AP","Text",,,,,,"","","PACS Procedure Code","FCR1403-0003","SAME-AS",,,
"88d98c7d-9bcd-11e3-927e-8840ab96f0f1","BARIUM MEAL",,"Radiology","BARIUM MEAL","Text",,,,,,"","","PACS Procedure Code","FCR1403-0005","SAME-AS",,,
"897a76ab-9bcd-11e3-927e-8840ab96f0f1","BARIUM ENEMA",,"Radiology","BARIUM ENEMA","Text",,,,,,"","","PACS Procedure Code","FCR1403-0006","SAME-AS",,,
"8af9ce34-9bcd-11e3-927e-8840ab96f0f1","RGU",,"Radiology","RGU","Text",,,,,,"","","PACS Procedure Code","FCR1403-0008","SAME-AS",,,
"8b43bc6f-9bcd-11e3-927e-8840ab96f0f1","KUB",,"Radiology","KUB","Text",,,,,,"","","PACS Procedure Code","FCR1403-0002","SAME-AS",,,
"8ba5fb43-9bcd-11e3-927e-8840ab96f0f1","CT ",,"Radiology","ct ","Text",,,,,,"","",,,,,,
"8befdc8f-9bcd-11e3-927e-8840ab96f0f1","MRI",,"Radiology","mri","Text",,,,,,"","",,,,,,
"14dee0fb-c83e-4725-88a0-de7bb4d59d94","SPINE Thoracolumbar Lateral",,"Radiology","spine thoracolumbar lateral","Text",,,,,,"","",,,,,,
"75563fae-6885-463d-a63e-f6921f1c55de","KNEE Both AP",,"Radiology","knee both ap","Text",,,,,,"","",,,,,,
"ae62f71a-63f0-4cb5-8dcd-0ff7f16fe35c","KNEE Both Lateral",,"Radiology","knee both lateral","Text",,,,,,"","",,,,,,
"1687cd8b-868b-47d6-ab1e-6e2cd7209687","Orthopantomography",,"Radiology","OPG","Text",,,,,,"","",,,,,,
"a3ddb0e3-f747-4f0e-afcc-a540497a4c0d","IVP, view (X-ray)",,"Radiology","IVP","Text",,,,,,"","",,,,,,
"77119544-0dd8-423a-b27a-9fad7813043d","MCU, View (X-Ray)",,"Radiology","MCU","Text",,,,,,"","",,,,,,
