"uuid","name","description","class","shortname","child.1","child.2","child.3","child.4","child.5","child.6","child.7","child.8","child.9","child.10","child.11","child.12","child.13","child.14","child.15","child.16","child.17","child.18","child.19","child.20","child.21","child.22","child.23","child.24","child.25","child.26","child.27","child.28","child.29","child.30","child.31","child.32","child.33","child.34","child.35","child.36","child.37","child.38","child.39","child.40","child.41","child.42","child.43","child.44","child.45","child.46","child.47","child.48","child.49","child.50","child.51","child.52","child.53","child.54","child.55","child.56","child.57","child.58","child.59","child.60","child.61","child.62","child.63","child.64","child.65","child.66","child.67","child.68","child.69","child.70","child.71","child.72","child.73","child.74","child.75","child.76","child.77","child.78","child.79","child.80","child.81","child.82","child.83","child.84","child.85","child.86","child.87","child.88","child.89","child.90","child.91","child.92","child.93","child.94","child.95","child.96","child.97","child.98","child.99","child.100","child.101","child.102","child.103","child.104","child.105","child.106","child.107","child.108","child.109","child.110","child.111","child.112","child.113","child.114","child.115","child.116","child.117","child.118","child.119","child.120","child.121","reference-term-source","reference-term-code","reference-term-relationship"
"392f6685-9bcd-11e3-927e-8840ab96f0f1","Radiology",,"ConvSet","radiology","Chest, 1 view (X-ray)","WHOLE SPINE AP","PELVIS","ABDOMEN, SUPINE","KNEE LT AP","KNEE LT LAT","Chest, 2 views (X-ray)","Hip - Left, 2 views (X-ray)","Hand - Left, 2 views (X-ray)","Hip - Right, 2 views (X-ray)","LOWER RIB RT","FOOT RT AP","FEMUR RT AP","LOWER RIB LT","FOOT RT OBLIQUE","Elbow - Left, 2 views (X-ray)","Hand - Right, 2 views (X-ray)","Wrist - Left, 2 views (X-ray)","Elbow - Right, 2 views (X-ray)","Wrist - Right, 2 views (X-ray)","FEMUR RT LAT","Forearm - Left, 2 views (X-ray)","Humerus - Left, 2 views (X-ray)","LUMBAR SPINE AP","Forearm - Right, 2 views (X-ray)","CLAVICLE RT AP","Humerus - Right, 2 views (X-ray)","SHOULDER LT AP","SHOULDER LT LAT","LOWER LEG WITH KNEE LT LAT","FEMUR LT AP","Thoracic spine, 2 views (X-ray)","CLAVICLE RT LAT","LOWER LEG WITH KNEE RT LAT","Calcaneus - Right, 2 views (X-ray)","Cervical spine, 2 or 3 views (X-ray)","THORACO LUMBAR AP","Sinuses, 3 views (X-ray)","Facial bones, 3 views (X-ray)","Skull, 4 views (X-ray)","Chest, 4 views (X-ray)","Mandible panorex (X-ray)","Chest lordotic (X-ray)","Chest oblique - Bilateral (X-ray)","Kidney retrograde pyelogram (X-ray)","Acromioclavicular joints - Bilateral (X-ray)","ABDOMEN, ERECT","FOOT LT OBLIQUE","Ankle - Right, 3 views (X-ray)","NECK LAT","Temporomandibular joint, bilateral (XRay)","Skull, 2 views (X-ray)","ARM Clavicle AP","ARM Scapula AP","ARM Scapula Lateral","ARM Shoulder AP","ARM Shoulder Axial","ARM Humerus AP","ARM Humerus Lateral","ARM Elbow AP","ARM Elbow Lateral","ARM Forearm AP","ARM Forearm Lateral","ARM Wrist PA","ARM Wrist AP","ARM Wrist Lateral","ARM Scaphoid","ARM Hand AP","ARM Hand oblique","ARM Finger lateral","LEG Pelvis","HIP RT LAT","HIP LT LAT","LOWER LEG RT AP","LOWER LEG RT LAT","LOWER LEG LT AP","LOWER LEG LT LAT","LOWER LEG WITH KNEE RT AP","LOWER LEG WITH KNEE LT AP","FOOT LT AP","KNEE RT AP","KNEE RT LAT","HIP BILATERAL AP","CHEST PA","CHEST Lateral","CHEST AP","CHEST apical lordotic","ABDOMEN,GENERAL","ABDOMEN PA/AP Standing","ABDOMEN LATERAL DECUBITUS","ABDOMEN Supine Urography","ABDOMEN Urinary Bladder","HEAD Skull PA","HEAD Skull AP","TOWNE","SKULL LAT","HEAD Sinus And Face Lateral","NASAL BONE LAT","MANDIBLE AP","MANDIBLE PA","MANDIBLE LAT","CERVICAL SPINE AP","CERVICAL SPINE LAT","THORACIC SPINE AP","THORACIC SPINE LAT","THORACO LUMBAR LAT","LUMBO SACRAL LAT","BARIUM SWALLOW AP","BARIUM MEAL","BARIUM ENEMA","RGU","KUB","CT","MRI","SPINE Thoracolumbar Lateral","KNEE Both AP","KNEE Both Lateral","Orthopantomography","IVP, view (X-ray)","MCU, View (X-Ray)","",,,
"65bc6a40-9bcd-11e3-927e-8840ab96f0f1","Anoscopy",,"Test","anoscopy","","","","","","","","","","","","","","","","","","","","","","","","","","","","","","","","","","","","","","","","","","","","","","","","","","","","","","","","","","","","","","","","","","","","","","","","","","","","","","","","","","","","","","","","","","","","","","","","","","","","","","","","","","","","","","","","","","","","","","","","","",,,
"66159a0d-9bcd-11e3-927e-8840ab96f0f1","Bronchoscopy",,"Procedure","bronchoscopy","","","","","","","","","","","","","","","","","","","","","","","","","","","","","","","","","","","","","","","","","","","","","","","","","","","","","","","","","","","","","","","","","","","","","","","","","","","","","","","","","","","","","","","","","","","","","","","","","","","","","","","","","","","","","","","","","","","","","","","","","",,,
"6736a4ae-9bcd-11e3-927e-8840ab96f0f1","Colonoscopy",,"Test","colonoscopy","","","","","","","","","","","","","","","","","","","","","","","","","","","","","","","","","","","","","","","","","","","","","","","","","","","","","","","","","","","","","","","","","","","","","","","","","","","","","","","","","","","","","","","","","","","","","","","","","","","","","","","","","","","","","","","","","","","","","","","","","",,,
"67831295-9bcd-11e3-927e-8840ab96f0f1","Cystoscopy",,"Procedure","cystoscopy","","","","","","","","","","","","","","","","","","","","","","","","","","","","","","","","","","","","","","","","","","","","","","","","","","","","","","","","","","","","","","","","","","","","","","","","","","","","","","","","","","","","","","","","","","","","","","","","","","","","","","","","","","","","","","","","","","","","","","","","","",,,
"682dee6f-9bcd-11e3-927e-8840ab96f0f1","Esophagogastroduodenoscopy (EGD)",,"Test","esophagogastroduodenoscopy (egd)","","","","","","","","","","","","","","","","","","","","","","","","","","","","","","","","","","","","","","","","","","","","","","","","","","","","","","","","","","","","","","","","","","","","","","","","","","","","","","","","","","","","","","","","","","","","","","","","","","","","","","","","","","","","","","","","","","","","","","","","","",,,
"688d7b33-9bcd-11e3-927e-8840ab96f0f1","Enteroscopy",,"Test","enteroscopy","","","","","","","","","","","","","","","","","","","","","","","","","","","","","","","","","","","","","","","","","","","","","","","","","","","","","","","","","","","","","","","","","","","","","","","","","","","","","","","","","","","","","","","","","","","","","","","","","","","","","","","","","","","","","","","","","","","","","","","","","",,,
"68d57bfa-9bcd-11e3-927e-8840ab96f0f1","Endoscopic retrograde cholangiopancreatography (ERCP)",,"Test","endoscopic retrograde cholangiopancreatography (ercp)","","","","","","","","","","","","","","","","","","","","","","","","","","","","","","","","","","","","","","","","","","","","","","","","","","","","","","","","","","","","","","","","","","","","","","","","","","","","","","","","","","","","","","","","","","","","","","","","","","","","","","","","","","","","","","","","","","","","","","","","","",,,
"695fa329-9bcd-11e3-927e-8840ab96f0f1","Laparoscopy",,"Test","laparoscopy","","","","","","","","","","","","","","","","","","","","","","","","","","","","","","","","","","","","","","","","","","","","","","","","","","","","","","","","","","","","","","","","","","","","","","","","","","","","","","","","","","","","","","","","","","","","","","","","","","","","","","","","","","","","","","","","","","","","","","","","","",,,
"69bc9d37-9bcd-11e3-927e-8840ab96f0f1","Sigmoidoscopy",,"Test","sigmoidoscopy","","","","","","","","","","","","","","","","","","","","","","","","","","","","","","","","","","","","","","","","","","","","","","","","","","","","","","","","","","","","","","","","","","","","","","","","","","","","","","","","","","","","","","","","","","","","","","","","","","","","","","","","","","","","","","","","","","","","","","","","","",,,
"64ab9461-9bcd-11e3-927e-8840ab96f0f1","Endoscopy",,"ConvSet","endoscopy","Anoscopy","Bronchoscopy","Colonoscopy","Cystoscopy","Esophagogastroduodenoscopy (EGD)","Enteroscopy","Endoscopic retrograde cholangiopancreatography (ERCP)","Laparoscopy","Sigmoidoscopy","","","","","","","","","","","","","","","","","","","","","","","","","","","","","","","","","","","","","","","","","","","","","","","","","","","","","","","","","","","","","","","","","","","","","","","","","","","","","","","","","","","","","","","","","","","","","","","","","","","","","","","","","","","","","","","","",,,
"93b8d3c1-9bc6-11e3-927e-8840ab96f0f1","Other Investigations",,"ConvSet","Other Investigations","Radiology","Endoscopy","","","","","","","","","","","","","","","","","","","","","","","","","","","","","","","","","","","","","","","","","","","","","","","","","","","","","","","","","","","","","","","","","","","","","","","","","","","","","","","","","","","","","","","","","","","","","","","","","","","","","","","","","","","","","","","","","","","","","","","",,,
