"uuid","name","description","class","shortname","child.1","child.2","child.3","child.4","child.5","child.6","child.7","child.8","child.9","child.10","child.11","child.12","child.13","child.14","child.15","child.16","child.17","child.18","reference-term-source","reference-term-code","reference-term-relationship"
"f5c53fdb-e349-11e3-983a-91270dcbd3bf","Chief Complaint Data",,"Concept Details","Chief Complaint","Chief Complaint","Chief Complaint Duration","Non-Coded Chief Complaint","","","","","","","","","","","","","","","",,,
"3d4cbf52-9dab-4e55-8957-e9319fa603b8","Consultation Images",,"Misc",,"Image","","","","","","","","","","","","","","","","","",,,
"f5c4b6a0-e349-11e3-983a-91270dcbd3bf","History and Examination",,"Misc","History and Examination","Chief Complaint Data","Chief Complaint Notes","History","Examination","Taking Medications","Change in symptoms","OPD Summary, Treatment Plan","Consultation Images","Video Link","Lab Investigation Notes","Radiology Notes","","","","","","","",,,
"3d4cbf52-9dab-4e55-8957-e9319fa603b8","Consultation Images",,"Misc",,"Image","","","","","","","","","","","","","","","","","",,,
"6c137b4d-b405-459b-a18a-dd53c74d44bb","ECG Report",,"Misc",,"Consultation Images","ECG Report Notes","","","","","","","","","","","","","","","","",,,
"3d4cbf52-9dab-4e55-8957-e9319fa603b8","Consultation Images",,"Misc",,"Image","","","","","","","","","","","","","","","","","",,,
"f4698209-b1cd-4fe1-ba27-e09a46b691e9","Spirometry Report",,"Misc",,"Consultation Images","Spirometry Report Notes","","","","","","","","","","","","","","","","",,,
"ef274321-f679-4db7-9e32-715890ae87df","General Patient Template",,"Misc","General Findings","History and Examination","ECG Report","Spirometry Report","","","","","","","","","","","","","","","",,,
"dfb5e5a4-d4b2-40f5-9c74-3ba953decf3a","Menstrual History",,"ConvSet",,"M/C Days","M/C Interval","M/C Amount","LMP","","","","","","","","","","","","","","",,,
"83047c86-f44f-4ec6-8fe9-1758f6733ca3","Obstetrical History",,"ConvSet",,"Gravida","Parity","Live Births","Abortion","Bad Obs History","","","","","","","","","","","","","",,,
"d0a13118-78c5-47e2-8be2-b580768ea2a9","OBS/GYN Common",,"Misc",,"Menstrual History","Obstetrical History","","","","","","","","","","","","","","","","",,,
"15a4eb15-f113-49d5-99d6-7478c2971780","Obstetrics, Menstrual History",,"Misc","Menstrual History","Obstetrics, Menstrual Cycle Days","Obstetrics, Menstrual Cycle Interval","Obstetrics, Menstrual Cycle Amount","Obstetrics, Last Menstrual Period","Estimated Date of Delivery","","","","","","","","","","","","","",,,
"07423af9-3060-47dc-bc36-827f97145171","Obstetrics, Obstetrical History",,"Misc","Obstetrical History","Obstetrics, Gravida","Obstetrics, Parity","Obstetrics, Live Births","Obstetrics, Abortion","Obstetrics, Bad Obstetrical History","","","","","","","","","","","","","",,,
"f5b15161-b540-4ad7-87c6-1babac176ced","Obstetrics, P/A (per abdomen)",,"ConvSet","P/A (per abdomen)","Obstetrics, Fundal Height","Obstetrics, P/A Presenting Part","Obstetrics, Fetal Heart Sound","Obstetrics, Amount of Liquor","Obstetrics, Contractions","","","","","","","","","","","","","",,,
"abe3dd57-0fd1-453b-80dc-9bf3ddd1ee29","Obstetrics, P/V (per vaginal)",,"ConvSet","P/V (per vaginal)","Obstetrics, P/V Presenting Part","OS","Obstetrics, Membrane","Obstetrics, Liquor","Obstetrics, Effacement of Cervix","Obstetrics, Cervical Dilation","","","","","","","","","","","","",,,
"6d8a78c3-43af-4ea7-ad14-bfe50a872e8a","Obstetrics",,"Misc",,"Obstetrics, Menstrual History","Obstetrics, Obstetrical History","Obstetrics, Tetanus Vaccination Taken","Obstetrics, P/A (per abdomen)","Obstetrics, P/V (per vaginal)","Obstetrics, Ultrasound Findings","","","","","","","","","","","","",,,
"3d4cbf52-9dab-4e55-8957-e9319fa603b8","Consultation Images",,"Misc",,"Image","","","","","","","","","","","","","","","","","",,,
"920dea34-b0e5-4991-9d09-998ba1767b08","Gynaecology, Menstrual History",,"Misc","Menstrual History","Gynaecology, Menstrual Cycle","Gynaecology, Menstrual Cycle Days","Gynaecology, Menstrual Cycle Interval","Gynaecology, Menstrual Cycle Amount","Gynaecology, Last Menstrual Period","","","","","","","","","","","","","",,,
"32a4825d-5c34-4d50-90a4-92aeb28ef105","Gynaecology, Obstetrical History",,"Misc","Obstetrical History","Gynaecology, Gravida","Gynaecology, Parity","Gynaecology, Live Births","Gynaecology, Abortion","Gynaecology, Bad Obstetrical History","Gynaecology, Tubal Ligation","","","","","","","","","","","","",,,
"f3fd7311-ef4f-49f9-a7b4-e61f70992802","Gynaecology, P/S (per speculum) - Cervix",,"Misc","P/S - Cervix","Gynaecology, Cervix Size","Gynaecology, VIA Test","","","","","","","","","","","","","","","","",,,
"6792984b-6a99-470d-9291-e4ebb6616b1c","Gynaecology, P/V (per vaginal) - Uterus",,"Misc","P/V - Uterus","Gynaecology, Uterus Size","Gynaecology, Uterus Form","Gynaecology, Uterus Position","Gynaecology, Uterus Mobility","","","","","","","","","","","","","","",,,
"1b12ec33-7af8-49c4-899d-2f0482175ab1","Gynaecology",,"Misc",,"Consultation Images","Gynaecology, Menstrual History","Gynaecology, Obstetrical History","Gynaecology, P/S (per speculum) - Cervix","Gynaecology, P/V (per vaginal) - Uterus","OS","Gynaecology, Bleeding","Gynaecology, P/V Uterus Enlarged Size","Gynaecology, P/R (per rectal)","","","","","","","","","",,,
"7baaf7bd-3a73-4685-b22a-9c698c97b964","Obstetrics and Gynaecology Templates",,"Misc","Obs/Gynae Findings","OBS/GYN Common","Obstetrics","Gynaecology","","","","","","","","","","","","","","","",,,
"22cc6305-42a8-4441-9aba-f3f10c0aedc3","Diabetes, History","If patient was diagnosed and treated outside JSS","Misc","History","Diabetes, Diagnosed Date","Diabetes, Treatment Stopped Date","","","","","","","","","","","","","","","","",,,
"87056e57-48df-4a61-b98f-8444f4e03624","Diabetes, Examination",,"Misc","Examination","Diabetes, Peripheral Pulses","Diabetes, Sensory Charting Assessment","Diabetes, Skin fold Thickness","Diabetes, Foot Exam","Diabetes, Eye Exam","","","","","","","","","","","","","",,,
"0a144f80-e89b-403c-8efa-702494528b76","Diabetes Old Data Template",,"Misc","Diabetes","Diabetes, History","Diabetes, Complications","Diabetes, Complaint","Diabetes, Examination","","","","","","","","","","","","","","",,,
"22cc6305-42a8-4441-9aba-f3f10c0aedc3","Diabetes, History","If patient was diagnosed and treated outside JSS","Misc","History","Diabetes, Diagnosed Date","Diabetes, Treatment Stopped Date","","","","","","","","","","","","","","","","",,,
"87056e57-48df-4a61-b98f-8444f4e03624","Diabetes, Examination",,"Misc","Examination","Diabetes, Peripheral Pulses","Diabetes, Sensory Charting Assessment","Diabetes, Skin fold Thickness","Diabetes, Foot Exam","Diabetes, Eye Exam","","","","","","","","","","","","","",,,
"74b7a6f1-659a-404b-bcf8-91880af48789","Diabetes, Investigations",,"Misc","Investigations","Diabetes, Electrocardiography","Diabetes, X-Ray","","","","","","","","","","","","","","","","",,,
"60619143-5b49-4c10-92f4-0d080cd10b8a","Diabetes Intake Template",,"ConvSet","Diabetes Intake","Diabetes, History","Diabetes, Complaint","Diabetes, Other Complaints","Diabetes, Complications","Diabetes, Other Complications","Diabetes, Examination","Diabetes, Investigations","","","","","","","","","","","",,,
"87056e57-48df-4a61-b98f-8444f4e03624","Diabetes, Examination",,"Misc","Examination","Diabetes, Peripheral Pulses","Diabetes, Sensory Charting Assessment","Diabetes, Skin fold Thickness","Diabetes, Foot Exam","Diabetes, Eye Exam","","","","","","","","","","","","","",,,
"74b7a6f1-659a-404b-bcf8-91880af48789","Diabetes, Investigations",,"Misc","Investigations","Diabetes, Electrocardiography","Diabetes, X-Ray","","","","","","","","","","","","","","","","",,,
"98344c51-46f7-4beb-9103-a5a011eadc66","Diabetes, Treatment",,"Misc","Treatment","Diabetes, Current Status","Diabetes, Treatment Outcome","","","","","","","","","","","","","","","","",,,
"d06d3277-b1ed-4eae-949c-507f6a57a39b","Diabetes Followup Template",,"Misc","Diabetes Followup","Diabetes, Doing Well","Taking Medications","Diabetes, Complaint","Diabetes, Other Complaints","Diabetes, Complications","Diabetes, Other Complications","Change in symptoms","Diabetes, Examination","Diabetes, Investigations","Diabetes, Sugar Assessment","Diabetes, Treatment","","","","","","","",,,
"22cc6305-42a8-4441-9aba-f3f10c0aedc3","Diabetes, History","If patient was diagnosed and treated outside JSS","Misc","History","Diabetes, Diagnosed Date","Diabetes, Treatment Stopped Date","","","","","","","","","","","","","","","","",,,
"a2f98a25-a075-47a7-b628-857b06b8d9e1","Diabetes Counselling Template",,"ConvSet","Diabetes Counselling","Diabetes, History","Diabetes, Insulin taken properly","Waist Circumference","Hip Circumference","Waist/Hip Ratio","Diabetes, Counselling Done","","","","","","","","","","","","",,,
"3bb90dd9-7296-4d6e-940f-11e2b90c1370","Diabetes Templates",,"Misc","Diabetes","Diabetes Old Data Template","Diabetes Intake Template","Diabetes Followup Template","Diabetes Counselling Template","","","","","","","","","","","","","","",,,
"6d504429-6730-4fe7-95a1-9bfb7ca21782","Surgical Procedure Data",,"Concept Details","Surgical Procedure","Surgical Procedure","Surgical Procedure Non Coded","","","","","","","","","","","","","","","","",,,
"fd8d79e2-7b4e-479a-8e59-98e558999495","Operating Providers",,"Misc","Providers","Coded Operating Surgeon","Other Operating Surgeon","Coded Operating Assistant Surgeon","Coded Operation Anesthetist","Scrub Nurse","","","","","","","","","","","","","",,,
"bd9f988d-7a81-4bee-bd1b-fb597dfb3b23","Operative Investigations",,"Misc","Investigations","Cytopathology Number","Histopathology Number","Intra operation specimens and results","","","","","","","","","","","","","","","",,,
"4f117c0d-4dd0-475b-94ea-cae333e1b107","Operation Notes Template",,"Misc","Operation Notes","Operative Note, Type of Surgery (Procedure based)","Operative Note, Type of Surgery (Time based)","Date of Surgery","Surgical Indication","Surgical Procedure Data","Operating Providers","Anesthesia Administered","Incision","Operation Findings","Operative Drains","Operative Complications","Blood loss during operation","Operation Duration","Other Operation Notes","Operative Investigations","Surgical Speciality","","",,,
"cff9ac4b-4d0b-464d-b758-679dd98d7672","Surgeries and Procedures",,"ConvSet","Surgeries/Procedures","Operation Notes Template","","","","","","","","","","","","","","","","","",,,
"31b5f1cd-f0a2-4277-9527-81722afd45ca","Breast Cancer, Breast Examination Details",,"Misc","Breast Examination","Breast Cancer, Breast Side","Breast Cancer, Breast Site","Breast Cancer, Breast Size","Breast Cancer, Breast Mobility","Breast Cancer, Skin Involvement","","","","","","","","","","","","","",,,
"63d3e420-0058-4f03-aaaa-08589c667a2e","Breast Cancer, Lymph Nodes",,"Misc","Lymph Nodes","Breast Cancer, Lymph Nodes Side","Breast Cancer, Axillary","Breast Cancer, Supra Clavicular","Breast Cancer, Infra Clavicular","","","","","","","","","","","","","","",,,
"9dac1f41-9946-49af-8534-9903a968f261","Breast Cancer, Confirmed Diagnosis Details",,"Misc","Confirmed Diagnosis Details","Breast Cancer, Breast Examination Details","Breast Cancer, Lymph Nodes","","","","","","","","","","","","","","","","",,,
"88b3c131-0a33-4ab4-ac41-a85295211e62","Breast Cancer, Pathology",,"Misc","Pathology","Breast Cancer, Pathologic Diagnosis","Breast Cancer, Pathology Report Date","","","","","","","","","","","","","","","","",,,
"43da1966-5555-42c3-9be8-4b45e082afc4","Breast Cancer, Receptor Status",,"Misc","Receptor Status","ER/PR","Her2New","","","","","","","","","","","","","","","","",,,
"2ac5fb3b-5a85-4e44-9483-0bb09f596909","Breast Cancer, Imaging Studies",,"Misc","Imaging Studies","Breast Cancer, Imaging Assessment & Findings","Breast Cancer, Other Imaging Study Date","Breast Cancer, Imaging Type","","","","","","","","","","","","","","","",,,
"5a63e348-caee-4e46-b9db-cf37fb90498f","Breast Cancer, TNM Pathologic Staging",,"Misc","TNM Pathologic Staging","Breast Cancer, Tumor Stage","Breast Cancer, Lymph Node Stage","Breast Cancer, Metastatic Stage","","","","","","","","","","","","","","","",,,
"463285d8-63d0-405f-86db-639f67942a13","Breast Cancer, Confirmed Disease Stage",,"Misc","Confirmed Disease Stage","Breast Cancer, Treatment Group","Breast Cancer, TNM Pathologic Staging","Breast Cancer, Clinical Stage","","","","","","","","","","","","","","","",,,
"99b8d2a4-8a1e-44b7-829d-530b525ece36","Breast Cancer, Treatment Plan",,"Misc","Treatment Plan","Breast Cancer, Treatment Plan, Plan Summary","Breast Cancer, Treatment Intent","","","","","","","","","","","","","","","","",,,
"c072aa49-9a7b-40db-bf45-b27bb33d987c","Hormonal Treatment",,"Misc",,"Tamoxifen 20mg OD","Aromatase Inhibitors","","","","","","","","","","","","","","","","",,,
"e1e3ac2e-a74d-46a7-893d-f42d48769661","Breast Cancer,Treatment Received By Old Patient",,"Misc","Treatment Received By Old Patient","Date of Diagnosed","Breast Cancer, Treatment Intent","Cance, Surgery","Cancer, Regimen Type","Radiotherapy","Hormonal Treatment","Cancer, Follow up","Cancer, Compliance","Final Outcome","","","","","","","","","",,,
"658bec2f-ba79-4a8d-919a-a7d209577177","Breast Cancer Intake Template",,"Misc","Breast Cancer - Intake","Cancer, Family History","If Present,details","Breast Cancer, Confirmed Diagnosis Details","Breast Cancer, Pathology","Breast Cancer, Receptor Status","Breast Cancer, Imaging Studies","Breast Cancer, Confirmed Disease Stage","Breast Cancer, Treatment Plan","Breast Cancer,Treatment Received By Old Patient","","","","","","","","","",,,
"3fd5cb25-a8ea-4c22-85fb-76f04f7f471a","Breast Cancer, Chemotherapy",,"Misc","Chemotherapy","Breast Cancer, Regimen Type","Breast Cancer, Regimen Timing","Breast Cancer, Chemotherapy Cycle number","Breast Cancer, Planned changes to standard regimen","","","","","","","","","","","","","","",,,
"d0a80406-82d8-4396-94d2-ce7847685560","Breast Cancer, Surgery",,"Misc","Surgery","Breast Cancer, Surgery Type","","","","","","","","","","","","","","","","","",,,
"5e63131a-83de-48a4-89f9-e6e11430f1d2","Breast Cancer Followup Template",,"Misc","Breast Cancer - Followup","Breast Cancer, Treatment","Breast Cancer, Chemotherapy","Breast Cancer, Surgery","","","","","","","","","","","","","","","",,,
"39dbc6e7-b6e6-4ae3-b9e8-7cbaf48d6196","Breast Cancer Templates",,"Misc","Breast Cancer","Breast Cancer Intake Template","Breast Cancer Followup Template","","","","","","","","","","","","","","","","",,,
"eae4fdd2-1bfc-4f59-a0b7-1bbffac72033","Tuberculosis, Symptoms & Duration",,"Concept Details","Symptoms and Duration","Tuberculosis, Symptoms","Tuberculosis, Symptoms Duration","Tuberculosis, Symptoms  duration","","","","","","","","","","","","","","","",,,
"6dd1f428-b93f-4c52-a293-f76a8e80faea","Tuberculosis, Past Treatment History","If past history of Tuberculosis","Misc","Past Treatment History","Tuberculosis, Duration since last treatment","Tuberculosis, Duration of last treatment","Tuberculosis, Past Treatment Facility","Tuberculosis, Past Treatment Details","","","","","","","","","","","","","","",,,
"ba99398e-230a-4390-971f-d8a8bdbf8e8d","Tuberculosis, Lymph Node",,"Misc","Lymph Node","Tuberculosis, Lymph Node Size","Tuberculosis, Lymph Node Pain","Tuberculosis, Lymph Node Discharge, Sinus, Ulcer","","","","","","","","","","","","","","","",,,
"38218000-fc49-4427-9001-812b166827a9","Tuberculosis, Pleural TB",,"Misc","Pleural TB","Tuberculosis, Pleural TB Respiratory Rate","","","","","","","","","","","","","","","","","",,,
"8df0fcca-4ce9-47e9-accd-5b631612a836","Tuberculosis, Extrapulmonary TB",,"Misc","Extrapulmonary TB","Tuberculosis, Extrapulmonary Site","Tuberculosis, Lymph Node","Tuberculosis, Pleural TB","","","","","","","","","","","","","","","",,,
"89efad81-3aea-479b-9a3d-22ad42717475","Tuberculosis, X-Ray Findings",,"Misc","X-Ray Findings","Tuberculosis, X-Ray Extent","Tuberculosis, X-Ray Cavity","","","","","","","","","","","","","","","","",,,
"046011f9-31d9-42e9-9a0d-730132e0dd44","Tuberculosis, Admission",,"Misc","Admission","Tuberculosis, Need of Admission","Tuberculosis, Indication for Admission","","","","","","","","","","","","","","","","",,,
"c6a677ea-5a81-49af-8bbf-f8504db27e12","Tuberculosis Intake Template",,"Misc","Tuberculosis - Intake","Tuberculosis, Symptoms & Duration","Tuberculosis, Other Symptoms","Tuberculosis, History of TB Contact","Tuberculosis, Family member died of TB","Tuberculosis, Past Treatment History","Tuberculosis, Type","Tuberculosis, Patient Category","Tuberculosis, Extrapulmonary TB","Tuberculosis, X-Ray Findings","Tuberculosis, Basis of Diagnosis","Tuberculosis, Comorbidity","Tuberculosis, Treatment Plan","Tuberculosis, Next Followup Visit","Tuberculosis, Plan for next visit","Tuberculosis, Number of Adult Family Members with Symptoms","Tuberculosis, Number of Under 5 Years Children in the Family","Tuberculosis, Admission","",,,
"eae4fdd2-1bfc-4f59-a0b7-1bbffac72033","Tuberculosis, Symptoms & Duration",,"Concept Details","Symptoms and Duration","Tuberculosis, Symptoms","Tuberculosis, Symptoms Duration","Tuberculosis, Symptoms  duration","","","","","","","","","","","","","","","",,,
"2347d27c-25a2-4a91-a6c9-ceeb0847ca00","Tuberculosis, Symptoms Relief",,"Misc","Symptoms Relief","Tuberculosis, Fever","Tuberculosis, Cough","Tuberculosis, Anorexia","Tuberculosis, Chest Pain","Tuberculosis, Breathlessness","Tuberculosis Followup, Lymph Node Size","","","","","","","","","","","","",,,
"046011f9-31d9-42e9-9a0d-730132e0dd44","Tuberculosis, Admission",,"Misc","Admission","Tuberculosis, Need of Admission","Tuberculosis, Indication for Admission","","","","","","","","","","","","","","","","",,,
"81598cde-b343-4009-ae93-dd8da142fd7f","Tuberculosis Followup Template",,"Misc","Tuberculosis - Followup","Tuberculosis, Symptoms & Duration","Tuberculosis, Followup Visit","Tuberculosis, Family Screened","Tuberculosis, Weight Gain","Tuberculosis, Sensitivity Report Status","Tuberculosis, New Comorbidty Identified","Tuberculosis, Symptoms Relief","Tuberculosis, Examination","Tuberculosis, Treatment Compliance","Tuberculosis, Adverse Effects","Tuberculosis, Treatment for adverse effects","Tuberculosis, Visit Impression","Tuberculosis, Next Followup Visit","Tuberculosis, Plan for next visit","Tuberculosis, Admission","Tuberculosis, Output of Treatment","","",,,
"7f42bbcb-bcad-4e1e-8c12-299e0a2cb646","Tuberculosis, Drugs Resistance Result",,"LabSet","Drugs","Tuberculosis, Rifampicin","Tuberculosis, Isoniazid","Tuberculosis, Ethambutol","Tuberculosis, Streptomycin","Tuberculosis, Kanamycin","Tuberculosis, Ethionamide","Tuberculosis, PAS","Tuberculosis, Ofloxacin","","","","","","","","","","",,,
"049d8a4f-1913-4663-920c-0c66a21aa024","Tuberculosis, Drug Resistance Testing",,"Misc","Tuberculosis Drug Resistance Testing","Tuberculosis, Sample Type","Tuberculosis, Sample","Tuberculosis, Testing Centre","Tuberculosis, Test Type","Tuberculosis, Culture Report","Tuberculosis,CBNAAT Test Result","Tuberculosis, Drugs Resistance Result","","","","","","","","","","","",,,
"c9d39736-1685-4ba9-a1bc-9642dbf96657","Tuberculosis Lab Template",,"Misc","Tuberculosis - Lab","Tuberculosis, Sputum Sample Collection Date","Tuberculosis, AFB (Zn Stain)","Tuberculosis, Drug Resistance Testing","Tuberculosis, Test Report Date","","","","","","","","","","","","","","",,,
"7bd3f137-539b-4fff-822d-a699d095868f","Tuberculosis, Contact Screening",,"Misc","Contact Screening","Tuberculosis, Family Member Name","Tuberculosis, Family Member Age","Tuberculosis, Family Member Gender","Tuberculosis, Family Member Relation","Tuberculosis, Family Member Symptoms","Tuberculosis, Family Member Past History of Tuberculosis","Tuberculosis, Family Member Comorbidity","Tuberculosis, Family Member Referred","Tuberculosis, Family Member Treatment Plan","","","","","","","","","",,,
"57c7cab2-92b0-44ce-9570-9865a3aac5d1","Tuberculosis, Under 5 Year Mantoux Screening",,"Misc","Under 5 Year Screening","Tuberculosis, Under 5 Year Name","Tuberculosis, Under 5 Year Tuberculosis Symptoms","Tuberculosis, Under 5 Year Mantoux Test Date","Tuberculosis, Under 5 Year Mantoux Reading Date","Tuberculosis, Under 5 Year Mantoux Test Result","Tuberculosis, Under 5 Year Size of Induration","Tuberculosis, Under 5 Year Referred","Tuberculosis, Family Member Treatment Plan","","","","","","","","","","",,,
"011f817f-236c-4ed6-afd3-81307ed0f21e","Tuberculosis Family Member Screening Template",,"Misc","Tuberculosis - Family Member Screening","Tuberculosis, Contact Screening","Tuberculosis, Under 5 Year Mantoux Screening","","","","","","","","","","","","","","","","",,,
"debfe3ed-1faf-4ad2-a403-adf1b09f1486","Tuberculosis Village Program Followup Template",,"Misc","Tuberculosis - Village Program Followup","Tuberculosis, Days of tablets remaining","Tuberculosis, Sputum sample collected","Tuberculosis, Symptoms present now","Tuberculosis, Adverse Effects","","","","","","","","","","","","","","",,,
"b71a8e6d-8111-4cc7-ae31-2c69b0bf5e37","Tuberculosis Templates",,"Misc","Tuberculosis","Tuberculosis Intake Template","Tuberculosis Followup Template","Tuberculosis Lab Template","Tuberculosis Family Member Screening Template","Tuberculosis Village Program Followup Template","","","","","","","","","","","","","",,,
"3e1f5fae-36b9-40ae-b00c-573d8033f1a8","Cardiology template",,"Misc","Cardiology","Cardiology Notes","Cardiology, Date of Surgery","Cardiology, Surgery","Cardiology, Type of Surgery","Cardiology, Which Surgery","Cardiology, Surgery Center","","","","","","","","","","","","",,,
"3d4cbf52-9dab-4e55-8957-e9319fa603b8","Consultation Images",,"Misc",,"Image","","","","","","","","","","","","","","","","","",,,
"eb65aeea-cb42-4e11-a341-669308ad750f","M Mode Measurements",,"Misc",,"IVSDd","LVIDd","LVPWd","LVIDS","Ejection Fraction","","","","","","","","","","","","","",,,
"ec98998b-6c09-4c31-ba08-f0a67d899ef9","Doppler",,"Misc",,"echo Right Ventricular Systolic Pressure","Mitral Valve (Peak Gradient)","Aortic Valve (Peak Gradient)","","","","","","","","","","","","","","","",,,
"445d6178-59fa-4a11-8498-cd8f0e06e007","Colour Flow",,"Misc",,"Colour Flow, Moderately Reduced","Colour Flow, Aortic Insufficiency","","","","","","","","","","","","","","","","",,,
"950fa250-9247-49ba-8086-1f38d4b0923f","2D exam",,"Misc",,"echo Left Ventricular Function","Left Ventricular Function","","","","","","","","","","","","","","","","",,,
"d100d8a5-2dd8-462f-9306-50733a672b35","Valvular Abnormality",,"Misc",,"Valvular Abnormality, Mitral Stenosis","Valvular Abnormality, Mitral Regurgitation","Valvular Abnormality, Aortic Stenosis","Valvular Abnormality, Aortic Insufficiency","Valvular Abnormality, Tricuspid Regurgitation","Valvular Abnormality, PR","Valvular Abnormality,PS","","","","","","","","","","","",,,
"aceeabb9-8594-4f23-a235-0c50554f4932","Echo Template",,"Misc","Echo","Consultation Images","M Mode Measurements","Doppler","Colour Flow","2D exam","Ao","Echo LA","Valvular Abnormality","Echo, Pericardial Effusion","Extracardiac Findings","Echo Conclusion","Echo Recommendation","Video Link","","","","","",,,
"f66732bf-70c6-45b2-bc59-a8f7b5ca74bb","Cardiology templates",,"Misc",,"Cardiology template","Echo Template","","","","","","","","","","","","","","","","",,,
"5ed15453-603e-11e4-a1f2-ba526e30a5ad","All Disease Templates",,"ConvSet",,"General Patient Template","Obstetrics and Gynaecology Templates","Diabetes Templates","Surgeries and Procedures","Breast Cancer Templates","Tuberculosis Templates","Cardiology templates","","","","","","","","","","","",,,
