"uuid","name","description","class","shortname","child.1","child.2","child.3","child.4","child.5","child.6","child.7","child.8","child.9","child.10","child.11","child.12","child.13","child.14","child.15","child.16","child.17","child.18","child.19","child.20","child.21","child.22","child.23","child.24","child.25","child.26","child.27","child.28","reference-term-source","reference-term-code","reference-term-relationship"
"396d3409-9bcd-11e3-927e-8840ab96f0f1","Chest",,"ConvSet","Chest","CHEST AP","CHEST PA","CHEST LAT RT","CHEST LAT LT","UPPER RIB RT","UPPER RIB LT","LOWER RIB RT","LOWER RIB LT","","","","","","","","","","","","","","","","","","","","",,,
"682dee6f-9bcd-11e3-927e-8840ab96f0f1","Esophagogastroduodenoscopy (EGD)",,"Test","esophagogastroduodenoscopy (egd)","","","","","","","","","","","","","","","","","","","","","","","","","","","","",,,
"688d7b33-9bcd-11e3-927e-8840ab96f0f1","Enteroscopy",,"Test","enteroscopy","","","","","","","","","","","","","","","","","","","","","","","","","","","","",,,
"68d57bfa-9bcd-11e3-927e-8840ab96f0f1","Endoscopic retrograde cholangiopancreatography (ERCP)",,"Test","endoscopic retrograde cholangiopancreatography (ercp)","","","","","","","","","","","","","","","","","","","","","","","","","","","","",,,
"695fa329-9bcd-11e3-927e-8840ab96f0f1","Laparoscopy",,"Test","laparoscopy","","","","","","","","","","","","","","","","","","","","","","","","","","","","",,,
"69bc9d37-9bcd-11e3-927e-8840ab96f0f1","Sigmoidoscopy",,"Test","sigmoidoscopy","","","","","","","","","","","","","","","","","","","","","","","","","","","","",,,
"67e29147-9bcd-11e3-927e-8840ab96f0f1","Normal Procedure",,"ConvSet","normal procedure","Esophagogastroduodenoscopy (EGD)","Enteroscopy","Endoscopic retrograde cholangiopancreatography (ERCP)","Laparoscopy","Sigmoidoscopy","","","","","","","","","","","","","","","","","","","","","","","",,,
"65bc6a40-9bcd-11e3-927e-8840ab96f0f1","Anoscopy",,"Test","anoscopy","","","","","","","","","","","","","","","","","","","","","","","","","","","","",,,
"66159a0d-9bcd-11e3-927e-8840ab96f0f1","Bronchoscopy",,"Procedure","bronchoscopy","","","","","","","","","","","","","","","","","","","","","","","","","","","","",,,
"6736a4ae-9bcd-11e3-927e-8840ab96f0f1","Colonoscopy",,"Test","colonoscopy","","","","","","","","","","","","","","","","","","","","","","","","","","","","",,,
"67831295-9bcd-11e3-927e-8840ab96f0f1","Cystoscopy",,"Procedure","cystoscopy","","","","","","","","","","","","","","","","","","","","","","","","","","","","",,,
"64fd041c-9bcd-11e3-927e-8840ab96f0f1","Advanced Procedure",,"ConvSet","advanced procedure","Anoscopy","Bronchoscopy","Colonoscopy","Cystoscopy","","","","","","","","","","","","","","","","","","","","","","","","",,,
"62c64217-9bcd-11e3-927e-8840ab96f0f1","Neck",,"ConvSet","Neck","NECK AP","NECK LAT","","","","","","","","","","","","","","","","","","","","","","","","","","",,,
"5e3c65f6-9bcd-11e3-927e-8840ab96f0f1","Other",,"ConvSet","other","MRI","Kidney retrograde pyelogram (X-ray)","CT","","","","","","","","","","","","","","","","","","","","","","","","","",,,
"5af9ee4d-9bcd-11e3-927e-8840ab96f0f1","Head",,"ConvSet","Head","MANDIBLE OBLIQUE","MANDIBLE LAT","MANDIBLE AP","MANDIBLE PA","NASAL BONE LAT","HEAD Sinus And Face Lateral","SKULL LAT","TOWNE","HEAD Skull AP","","","","","","","","","","","","","","","","","","","",,,
"599e38ea-9bcd-11e3-927e-8840ab96f0f1","Face",,"ConvSet","face","Sinuses, 3 views (X-ray)","Facial bones, 3 views (X-ray)","Mandible panorex (X-ray)","Temporomandibular joint, bilateral (XRay)","","","","","","","","","","","","","","","","","","","","","","","","",,,
"4ff09041-9bcd-11e3-927e-8840ab96f0f1","Shoulder",,"ConvSet","shoulder","CLAVICLE RT AP","SHOULDER LT AP","SHOULDER LT LAT","CLAVICLE RT LAT","Acromioclavicular joints - Bilateral (X-ray)","","","","","","","","","","","","","","","","","","","","","","","",,,
"4501c7fc-9bcd-11e3-927e-8840ab96f0f1","Leg",,"ConvSet","leg","HIP LT LAT","HIP RT LAT","LEG Pelvis","Ankle - Right, 3 views (X-ray)","FOOT LT OBLIQUE","Calcaneus - Right, 2 views (X-ray)","LOWER LEG WITH KNEE RT LAT","FEMUR LT AP","LOWER LEG WITH KNEE LT LAT","FEMUR RT LAT","FOOT RT OBLIQUE","FEMUR RT AP","FOOT RT AP","LOWER LEG RT AP","LOWER LEG RT LAT","LOWER LEG WITH KNEE LT AP","HIP BILATERAL AP","KNEE RT LAT","KNEE RT AP","FOOT LT AP","LOWER LEG LT AP","LOWER LEG WITH KNEE RT AP","LOWER LEG LT LAT","","","","","",,,
"435c449f-9bcd-11e3-927e-8840ab96f0f1","Ribs",,"ConvSet","ribs","LOWER RIB LT","LOWER RIB RT","","","","","","","","","","","","","","","","","","","","","","","","","","",,,
"41a884d8-9bcd-11e3-927e-8840ab96f0f1","Hand",,"ConvSet","hand","Hand - Left, 2 views (X-ray)","","","","","","","","","","","","","","","","","","","","","","","","","","","",,,
"40886b9b-9bcd-11e3-927e-8840ab96f0f1","Hip",,"ConvSet","hip","Hip - Left, 2 views (X-ray)","Hip - Right, 2 views (X-ray)","","","","","","","","","","","","","","","","","","","","","","","","","","",,,
"3e4228ae-9bcd-11e3-927e-8840ab96f0f1","Knee",,"ConvSet","knee","KNEE LT AP","KNEE LT LAT","KNEE Both AP","KNEE Both Lateral","","","","","","","","","","","","","","","","","","","","","","","","",,,
"3c8c0715-9bcd-11e3-927e-8840ab96f0f1","Abdomen",,"ConvSet","Abdomen","ABDOMEN LATERAL DECUBITUS","ABDOMEN,GENERAL","ABDOMEN, ERECT","ABDOMEN, SUPINE","KUB","","","","","","","","","","","","","","","","","","","","","","","",,,
"3bc67caf-9bcd-11e3-927e-8840ab96f0f1","Pelvis Group",,"ConvSet","Pelvis Group","HIP BILATERAL AP","HIP RT LAT","HIP LT LAT","PELVIS","","","","","","","","","","","","","","","","","","","","","","","","",,,
"3af829bc-9bcd-11e3-927e-8840ab96f0f1","Spine",,"ConvSet","Spine","CERVICAL SPINE AP","CERVICAL SPINE LAT","THORACIC SPINE AP","THORACIC SPINE LAT","THORACO LUMBAR AP","THORACO LUMBAR LAT","LUMBAR SPINE AP","LUMBAR SPINE LAT","LUMBO SACRAL AP","LUMBO SACRAL LAT","WHOLE SPINE AP","WHOLE SPINE LAT","","","","","","","","","","","","","","","","",,,
"88024166-9bcd-11e3-927e-8840ab96f0f1","Contrast",,"ConvSet","Contrast","BARIUM SWALLOW AP","BARIUM SWALLOW LAT","BARIUM FOLLOW THROUGH","BARIUM MEAL","BARIUM ENEMA","RGU","MCU","INVERTOGRAM","NEPHROSTOGRAM","COLOGRAM","IVP","","","","","","","","","","","","","","","","","",,,
"47f673e6-9bcd-11e3-927e-8840ab96f0f1","ARM",,"Diagnosis","arm","ARM Wrist AP","ARM Wrist Lateral","ARM Scaphoid","ARM Hand AP","ARM Hand oblique","ARM Finger lateral","ARM Wrist PA","ARM Forearm Lateral","ARM Scapula AP","ARM Scapula Lateral","ARM Shoulder AP","ARM Shoulder Axial","ARM Humerus AP","ARM Humerus Lateral","ARM Elbow AP","ARM Elbow Lateral","ARM Forearm AP","ARM Clavicle AP","Humerus - Right, 2 views (X-ray)","Forearm - Right, 2 views (X-ray)","Humerus - Left, 2 views (X-ray)","Forearm - Left, 2 views (X-ray)","Wrist - Right, 2 views (X-ray)","Elbow - Left, 2 views (X-ray)","Hand - Right, 2 views (X-ray)","Wrist - Left, 2 views (X-ray)","Elbow - Right, 2 views (X-ray)","",,,
"93b9c6fd-9bc6-11e3-927e-8840ab96f0f1","Other Investigations Categories",,"ConvSet","Other Investigations Categories","Chest","Normal Procedure","Advanced Procedure","Neck","Other","Head","Face","Shoulder","Leg","Ribs","Hand","Hip","Knee","Abdomen","Pelvis Group","Spine","Contrast","ARM","","","","","","","","","","",,,
